"","X","lat_dd_mod","household_id2","dist_market","lon_dd_mod","tsfirewood","hh_education","car_num","car","bicycle_num","bicycle","motorcycle_num","motorcycle","kerosene_num","kerosene","electric_num","electric","mobile_num","mobile","tv_num","tv","iddir","total_cons_ann","ess_id"
"1",1,9.991906269,3.06111e+16,39,37.69255271,3,0,0,0,0,0,0,0,0,0,0,0,0,0,0,0,1,8515,22
"2",2,9.991906269,3.06111e+16,38,37.69255271,0,0,0,0,0,0,0,0,0,0,0,0,0,0,0,0,1,12454,22
"3",3,9.991906269,3.06111e+16,38,37.69255271,0,0,0,0,0,0,0,0,0,0,0,0,0,0,0,0,1,14768.57129,22
"4",4,9.991906269,3.06111e+16,38,37.69255271,0,0,0,0,0,0,0,0,0,0,0,0,0,0,0,0,1,15304,22
"5",5,9.991906269,3.06111e+16,38,37.69255271,0,0,0,0,0,0,0,0,0,0,0,0,0,0,0,0,1,16881.24023,22
"6",6,9.991906269,3.06111e+16,39,37.69255271,0,1,0,0,0,0,0,0,0,0,0,0,0,0,0,0,0,5478,22
"7",7,9.991906269,3.06111e+16,38,37.69255271,1.2,0,0,0,0,0,0,0,0,0,0,0,0,0,0,0,1,12339.42871,22
"8",8,9.991906269,3.06111e+16,38,37.69255271,1.16666666666667,0,0,0,0,0,0,0,0,0,0,0,0,0,0,0,0,5156.47998,22
"9",9,9.991906269,3.06111e+16,38,37.69255271,0,0,0,0,0,0,0,0,0,0,0,0,0,0,0,0,1,10297.85742,22
"10",10,9.991906269,3.06111e+16,38,37.69255271,0,0,0,0,0,0,0,0,0,0,0,0,0,0,0,0,1,12462,22
"11",11,10.41807174,3.06061e+16,49,38.16971213,0,0,0,0,0,0,0,0,0,0,0,0,0,0,0,0,1,3157.912109,17
"12",12,10.41807174,3.06061e+16,49,38.16971213,0,0,0,0,0,0,0,0,0,0,0,0,0,0,0,0,0,2963,17
"13",13,10.41807174,3.06061e+16,49,38.16971213,0,0,0,0,0,0,0,0,0,0,0,0,1,1,0,0,1,30896,17
"14",14,10.41807174,3.06061e+16,49,38.16971213,0,0,0,0,0,0,0,0,0,0,0,0,0,0,0,0,1,19415,17
"15",15,10.41807174,3.06061e+16,49,38.16971213,0,0,0,0,0,0,0,0,0,0,0,0,0,0,0,0,0,14854,17
"16",16,10.41807174,3.06061e+16,49,38.16971213,0.0833333333333333,0,0,0,0,0,0,0,0,0,0,0,0,0,0,0,1,22480.05664,17
"17",17,10.41807174,3.06061e+16,49,38.16971213,0.0833333333333333,0,0,0,0,0,0,0,0,0,0,0,1,1,0,0,1,48379.89844,17
"18",18,10.41807174,3.06061e+16,49,38.16971213,0,0,0,0,0,0,0,0,0,0,0,0,0,0,0,0,1,21313,17
"19",19,10.41807174,3.06061e+16,49,38.16971213,0,0,0,0,0,0,0,0,0,0,0,0,0,0,0,0,1,8133.840332,17
"20",20,10.41807174,3.06061e+16,49,38.16971213,0,0,0,0,0,0,0,0,0,0,0,0,0,0,0,0,0,3149.023926,17
"21",21,10.41807174,3.06061e+16,49,38.16971213,0,1,0,0,0,0,0,0,0,0,0,0,0,0,0,0,0,7509.680176,17
"22",22,10.41807174,3.06061e+16,49,38.16971213,0,0,0,0,0,0,0,0,0,0,4,1,1,1,0,0,1,19545,17
"23",23,10.42161736,3.06091e+16,18,37.57654888,0,0,0,0,0,0,0,0,0,0,0,0,1,1,0,0,1,8384,31
"24",24,10.42161736,3.06091e+16,18,37.57654888,0,0,0,0,0,0,0,0,0,0,0,0,0,0,0,0,1,11236.2168,31
"25",25,10.42161736,3.06091e+16,18,37.57654888,0,0,0,0,0,0,0,0,0,0,0,0,1,1,0,0,1,14910.95801,31
"26",26,10.42161736,3.06091e+16,18,37.57654888,0,0,0,0,0,0,0,0,0,0,0,0,0,0,0,0,1,13267.53223,31
"27",27,10.42161736,3.06091e+16,19,37.57654888,0.5,1,0,0,0,0,0,0,0,0,0,0,1,1,0,0,1,13793.17188,31
"28",28,10.42161736,3.06091e+16,18,37.57654888,1.5,0,0,0,0,0,0,0,0,0,0,0,1,1,0,0,1,17607.42188,31
"29",29,10.42161736,3.06091e+16,20,37.57654888,0.166666666666667,0,0,0,0,0,0,0,0,0,0,0,1,1,1,1,1,26623,31
"30",30,10.42161736,3.06091e+16,19,37.57654888,0,0,0,0,0,0,0,0,0,0,0,0,0,0,0,0,1,6210,31
"31",31,10.42161736,3.06091e+16,19,37.57654888,1.65,0,0,0,0,0,0,0,0,0,0,0,0,0,0,0,1,12398.75977,31
"32",32,10.42161736,3.06091e+16,19,37.57654888,0,1,1,1,1,1,0,0,0,0,0,0,2,1,1,1,1,23698,31
"33",33,10.43760291,3.0614e+16,68,38.3184384,0,0,0,0,0,0,0,0,0,0,2,1,0,0,0,0,1,7892,8
"34",34,10.43760291,3.0614e+16,65,38.3184384,0,1,0,0,0,0,0,0,1,1,2,1,1,1,1,1,0,9778,8
"35",35,10.43760291,3.0614e+16,69,38.3184384,0,1,0,0,0,0,0,0,1,1,0,0,1,1,1,1,1,17343.85156,8
"36",36,10.43760291,3.0614e+16,69,38.3184384,0,1,0,0,0,0,0,0,1,1,0,0,2,1,1,1,1,64950,8
"37",37,10.43760291,3.0614e+16,68,38.3184384,0,0,0,0,0,0,0,0,0,0,0,0,1,1,1,1,1,21939,8
"38",38,10.43760291,3.0614e+16,69,38.3184384,0,0,0,0,0,0,0,0,0,0,0,0,0,0,0,0,1,12964,8
"39",39,10.43760291,3.0614e+16,69,38.3184384,0,1,0,0,0,0,0,0,0,0,0,0,2,1,1,1,1,20138,8
"40",40,10.56353338,3.0708e+16,1,37.48977956,0,0,0,0,0,0,0,0,0,0,0,0,0,0,0,0,1,4586,33
"41",41,10.56353338,3.0708e+16,1,37.48977956,0,1,0,0,0,0,0,0,1,1,0,0,1,1,0,0,0,8216,33
"42",42,10.56353338,3.0708e+16,1,37.48977956,0.333333333333333,1,0,0,0,0,0,0,0,0,0,0,2,1,1,1,0,16801.59961,33
"43",43,10.56353338,3.0708e+16,1,37.48977956,0,0,0,0,0,0,0,0,0,0,0,0,1,1,0,0,1,5264.399902,33
"44",44,10.56353338,3.0708e+16,1,37.48977956,0,1,0,0,0,0,0,0,0,0,0,0,1,1,0,0,0,10848,33
"45",45,10.56353338,3.0708e+16,1,37.48977956,0,1,0,0,0,0,0,0,0,0,0,0,3,1,1,1,1,68182.67188,33
"46",46,10.56353338,3.0708e+16,1,37.48977956,0,1,0,0,0,0,0,0,0,0,0,0,2,1,0,0,1,34641,33
"47",47,10.56353338,3.0708e+16,2,37.48977956,0,1,0,0,0,0,0,0,0,0,0,0,2,1,0,0,1,36221.14063,33
"48",48,10.56353338,3.0708e+16,1,37.48977956,0,1,0,0,0,0,0,0,0,0,0,0,1,1,0,0,0,3148.657715,33
"49",49,10.56353338,3.0708e+16,4,37.48977956,0,0,0,0,0,0,0,0,0,0,0,0,1,1,0,0,1,8043,33
"50",50,10.56353338,3.0708e+16,1,37.48977956,1,1,0,0,0,0,0,0,0,0,0,0,5,1,0,0,1,31783.81641,33
"51",51,10.56353338,3.0708e+16,1,37.48977956,0.333333333333333,1,0,0,0,0,0,0,2,1,0,0,4,1,1,1,1,97727.99219,33
"52",52,10.56353338,3.0708e+16,1,37.48977956,0,1,0,0,0,0,0,0,0,0,0,0,2,1,1,1,1,10212,33
"53",53,10.57737596,3.07101e+16,14,37.04496751,0,0,0,0,0,0,0,0,0,0,0,0,1,1,0,0,1,20319.28516,5
"54",54,10.57737596,3.07101e+16,14,37.04496751,0,0,0,0,0,0,0,0,0,0,0,0,1,1,0,0,1,15078.69141,5
"55",55,10.57737596,3.07101e+16,14,37.04496751,0.666666666666667,0,0,0,0,0,0,0,0,0,0,0,0,0,0,0,1,16752.57813,5
"56",56,10.57737596,3.07101e+16,15,37.04496751,0,0,0,0,0,0,0,0,0,0,0,0,0,0,0,0,0,3918,5
"57",57,10.57737596,3.07101e+16,15,37.04496751,0,0,0,0,0,0,0,0,0,0,0,0,0,0,0,0,1,6434,5
"58",58,10.57737596,3.07101e+16,14,37.04496751,0,0,0,0,0,0,0,0,0,0,0,0,0,0,0,0,1,13636.11914,5
"59",59,10.57737596,3.07101e+16,14,37.04496751,0,0,0,0,0,0,0,0,0,0,0,0,2,1,0,0,1,31937.29883,5
"60",60,10.57737596,3.07101e+16,14,37.04496751,0,0,0,0,0,0,0,0,0,0,0,0,1,1,0,0,1,28899.23828,5
"61",61,10.57737596,3.07101e+16,16,37.04496751,0,0,0,0,0,0,0,0,0,0,0,0,0,0,0,0,1,17472,5
"62",62,10.57737596,3.07101e+16,16,37.04496751,2,0,0,0,0,0,0,0,0,0,0,0,1,1,0,0,1,33457.71484,5
"63",63,10.57943193,3.06161e+16,26,37.79849841,0,0,0,0,0,0,0,0,0,0,0,0,1,1,0,0,1,11380,27
"64",64,10.57943193,3.06161e+16,25,37.79849841,4.5,0,0,0,0,0,0,0,0,0,0,0,0,0,0,0,1,20785.85742,27
"65",65,10.57943193,3.06161e+16,26,37.79849841,0,0,0,0,0,0,0,0,0,0,0,0,0,0,0,0,1,11721.82813,27
"66",66,10.57943193,3.06161e+16,26,37.79849841,3,0,0,0,0,0,0,0,0,0,0,0,0,0,0,0,1,17591.85742,27
"67",67,10.57943193,3.06161e+16,26,37.79849841,2.16666666666667,0,0,0,0,0,0,0,0,0,0,0,0,0,0,0,1,16584.85742,27
"68",68,10.57943193,3.06161e+16,25,37.79849841,0,0,0,0,0,0,0,0,0,0,0,0,0,0,0,0,1,19170.42773,27
"69",69,10.57943193,3.06161e+16,25,37.79849841,4.5,0,0,0,0,0,0,0,0,0,0,0,0,0,0,0,1,11982,27
"70",70,10.57943193,3.06161e+16,24,37.79849841,0,0,0,0,0,0,0,0,0,0,0,0,0,0,0,0,1,6468,27
"71",71,10.57943193,3.06161e+16,25,37.79849841,0,0,0,0,0,0,0,0,0,0,0,0,0,0,0,0,1,8857,27
"72",72,10.57943193,3.06161e+16,26,37.79849841,0,0,0,0,0,0,0,0,0,0,0,0,1,1,0,0,1,18909.42969,27
"73",73,10.57943193,3.06161e+16,24,37.79849841,0.333333333333333,0,0,0,0,0,0,0,0,0,0,0,1,1,0,0,1,15252.85742,27
"74",74,10.58927683,3.07081e+16,7,37.46159823,0,0,0,0,0,0,0,0,0,0,0,0,0,0,0,0,1,14024.54785,35
"75",75,10.58927683,3.07081e+16,7,37.46159823,0,0,0,0,0,0,0,0,0,0,0,0,0,0,0,0,1,5633.119141,35
"76",76,10.58927683,3.07081e+16,5,37.46159823,0,0,0,0,0,0,0,0,0,0,0,0,0,0,0,0,1,11605.23828,35
"77",77,10.58927683,3.07081e+16,7,37.46159823,1,0,0,0,0,0,0,0,0,0,0,0,0,0,0,0,1,8347.285156,35
"78",78,10.58927683,3.07081e+16,2,37.46159823,0,0,0,0,0,0,0,0,0,0,0,0,0,0,0,0,1,5938.856934,35
"79",79,10.58927683,3.07081e+16,7,37.46159823,0,0,0,0,0,0,0,0,0,0,0,0,0,0,0,0,1,7685.115234,35
"80",80,10.58927683,3.07081e+16,7,37.46159823,0,0,0,0,0,0,0,0,0,0,0,0,0,0,0,0,1,8308.897461,35
"81",81,10.58927683,3.07081e+16,7,37.46159823,0,0,0,0,0,0,0,0,0,0,0,0,2,1,0,0,1,11085.79199,35
"82",82,10.58927683,3.07081e+16,5,37.46159823,9.5,0,0,0,0,0,0,0,0,0,0,0,2,1,0,0,1,29959.72461,35
"83",83,10.58927683,3.07081e+16,6,37.46159823,1.3,0,0,0,0,0,0,0,0,0,0,0,1,1,0,0,1,11753.85742,35
"84",84,10.58927683,3.07081e+16,6,37.46159823,0,0,0,0,0,0,0,0,0,0,0,0,0,0,0,0,1,13081.24609,35
"85",85,10.72301359,3.0705e+16,1,37.25932329,0,1,0,0,0,0,0,0,0,0,0,0,2,1,1,1,0,17488,6
"86",86,10.79277637,3.07051e+16,16,37.14454149,0,0,0,0,0,0,0,0,0,0,0,0,0,0,0,0,1,10206.55566,16
"87",87,10.79277637,3.07051e+16,16,37.14454149,0,0,0,0,0,0,0,0,0,0,0,0,1,1,0,0,1,14211.64648,16
"88",88,10.79277637,3.07051e+16,16,37.14454149,0,1,0,0,0,0,0,0,0,0,0,0,0,0,0,0,1,17263.64648,16
"89",89,10.79277637,3.07051e+16,16,37.14454149,0,0,0,0,0,0,0,0,0,0,0,0,0,0,0,0,1,6917,16
"90",90,10.79277637,3.07051e+16,16,37.14454149,0,0,0,0,0,0,0,0,0,0,0,0,0,0,0,0,1,14186.70508,16
"91",91,10.79277637,3.07051e+16,16,37.14454149,0,0,0,0,0,0,0,0,0,0,0,0,1,1,0,0,1,15376.70508,16
"92",92,10.79277637,3.07051e+16,15,37.14454149,1,0,0,0,0,0,0,0,0,0,0,0,1,1,0,0,1,13302.26465,16
"93",93,10.79277637,3.07051e+16,16,37.14454149,0,0,0,0,0,0,0,0,0,0,0,0,0,0,0,0,1,7029.364258,16
"94",94,10.79277637,3.07051e+16,16,37.14454149,0,0,0,0,0,0,0,0,0,0,0,0,0,0,0,0,1,6173.763184,16
"95",95,10.79277637,3.07051e+16,14,37.14454149,0,0,0,0,0,0,0,0,0,0,0,0,0,0,0,0,1,14919.83594,16
"96",96,10.79277637,3.07051e+16,15,37.14454149,0,1,0,0,0,0,0,0,0,0,0,0,0,0,0,0,1,21317.06641,16
"97",97,10.79277637,3.07051e+16,15,37.14454149,0,0,0,0,0,0,0,0,0,0,0,0,0,0,0,0,1,9315.703125,16
"98",98,10.86365179,3.0604e+16,84,38.24878324,0,1,0,0,0,0,0,0,1,1,0,0,1,1,0,0,0,9729.708008,32
"99",99,10.86365179,3.0604e+16,84,38.24878324,0,1,0,0,0,0,0,0,0,0,0,0,2,1,0,0,1,15888,32
"100",100,10.86365179,3.0604e+16,84,38.24878324,1.5,0,0,0,0,0,0,0,0,0,0,0,0,0,0,0,0,6051.496094,32
"101",101,10.86365179,3.0604e+16,84,38.24878324,0,1,0,0,0,0,0,0,1,1,0,0,1,1,1,1,1,26563,32
"102",102,10.86365179,3.0604e+16,84,38.24878324,0,1,0,0,0,0,0,0,0,0,0,0,2,1,0,0,1,16929.81641,32
"103",103,10.86365179,3.0604e+16,84,38.24878324,0,0,0,0,0,0,0,0,0,0,0,0,2,1,0,0,1,10465.7998,32
"104",104,10.86365179,3.0604e+16,84,38.24878324,0,1,0,0,0,0,0,0,1,1,0,0,1,1,1,1,1,45035,32
"105",105,10.86365179,3.0604e+16,85,38.24878324,0,1,0,0,0,0,0,0,0,0,0,0,1,1,0,0,0,5129.312988,32
"106",106,10.86365179,3.0604e+16,84,38.24878324,0,0,0,0,0,0,0,0,0,0,0,0,2,1,0,0,1,12672,32
"107",107,10.86365179,3.0604e+16,84,38.24878324,0,1,0,0,0,0,0,0,0,0,0,0,1,1,0,0,0,19092,32
"108",108,10.86365179,3.0604e+16,84,38.24878324,0,1,0,0,0,0,0,0,0,0,0,0,1,1,0,0,0,8458.34375,32
"109",109,10.86365179,3.0604e+16,84,38.24878324,0,0,0,0,0,0,0,0,0,0,0,0,0,0,0,0,0,7720,32
"110",110,10.90704598,3.06021e+16,71,38.0365175,0,0,0,0,0,0,0,0,0,0,0,0,0,0,0,0,1,4018,14
"111",111,10.90704598,3.06021e+16,71,38.0365175,0,0,0,0,0,0,0,0,0,0,0,0,0,0,0,0,0,16191.38281,14
"112",112,10.90704598,3.06021e+16,71,38.0365175,0,0,0,0,0,0,0,0,0,0,0,0,0,0,0,0,1,17389.14844,14
"113",113,10.90704598,3.06021e+16,71,38.0365175,0,0,0,0,0,0,0,0,0,0,0,0,1,1,0,0,0,6805.428711,14
"114",114,10.90704598,3.06021e+16,71,38.0365175,0,0,0,0,0,0,0,0,0,0,0,0,0,0,0,0,1,36364.76953,14
"115",115,10.90704598,3.06021e+16,70,38.0365175,0,1,0,0,0,0,0,0,0,0,0,0,0,0,0,0,0,7685,14
"116",116,10.90704598,3.06021e+16,70,38.0365175,0,0,0,0,0,0,0,0,0,0,0,0,0,0,0,0,1,7583.096191,14
"117",117,10.90704598,3.06021e+16,70,38.0365175,0,0,0,0,0,0,0,0,0,0,0,0,2,1,0,0,1,11039.14258,14
"118",118,10.90704598,3.06021e+16,70,38.0365175,0,0,0,0,0,0,0,0,0,0,0,0,0,0,0,0,1,7488.852539,14
"119",119,10.90704598,3.06021e+16,70,38.0365175,0,0,0,0,0,0,0,0,0,0,0,0,0,0,0,0,1,37936.125,14
"120",120,10.90704598,3.06021e+16,69,38.0365175,0,0,0,0,0,0,0,0,0,0,0,0,0,0,0,0,1,8896.428711,14
"121",121,10.90704598,3.06021e+16,70,38.0365175,0,0,0,0,0,0,0,0,0,0,0,0,0,0,0,0,1,40741.24219,14
"122",122,10.95519454,3.06041e+16,88,38.28469651,0,0,0,0,0,0,0,0,0,0,0,0,0,0,0,0,1,19815,3
"123",123,10.95519454,3.06041e+16,85,38.28469651,0,0,0,0,0,0,0,0,0,0,0,0,1,1,0,0,1,10439.58008,3
"124",124,10.95519454,3.06041e+16,88,38.28469651,0,0,0,0,0,0,0,0,0,0,0,0,1,1,0,0,1,14538.43945,3
"125",125,10.95519454,3.06041e+16,88,38.28469651,0,1,0,0,0,0,0,0,0,0,0,0,1,1,0,0,1,15856.28613,3
"126",126,10.95519454,3.06041e+16,88,38.28469651,0.5,0,0,0,0,0,0,0,0,0,0,0,0,0,0,0,1,11025.40039,3
"127",127,10.95519454,3.06041e+16,87,38.28469651,0,0,0,0,0,0,0,0,0,0,0,0,0,0,0,0,1,13719,3
"128",128,10.95519454,3.06041e+16,87,38.28469651,0,1,0,0,0,0,0,0,0,0,0,0,1,1,0,0,1,9609.359375,3
"129",129,10.95519454,3.06041e+16,90,38.28469651,0,0,0,0,0,0,0,0,0,0,0,0,0,0,0,0,1,19101.17578,3
"130",130,10.95519454,3.06041e+16,89,38.28469651,0.666666666666667,0,0,0,0,0,0,0,0,0,0,0,0,0,0,0,1,10154,3
"131",131,10.95519454,3.06041e+16,89,38.28469651,0,0,0,0,0,0,0,0,0,0,0,0,0,0,0,0,1,10378,3
"132",132,10.95519454,3.06041e+16,89,38.28469651,0,0,0,0,0,0,0,0,0,0,0,0,0,0,0,0,1,10290,3
"133",133,10.95519454,3.06041e+16,89,38.28469651,1.33333333333333,0,0,0,0,0,0,0,0,0,0,0,1,1,0,0,1,25945,3
"134",134,10.96861006,3.0705e+16,33,37.1784774,0,0,0,0,0,0,0,0,0,0,0,0,1,1,0,0,1,17840,36
"135",135,10.96861006,3.0705e+16,33,37.1784774,0,1,0,0,0,0,0,0,1,1,0,0,1,1,0,0,1,15950,36
"136",136,10.96861006,3.0705e+16,33,37.1784774,0,1,0,0,0,0,0,0,0,0,0,0,2,1,1,1,1,15026,36
"137",137,10.96861006,3.0705e+16,33,37.1784774,0,1,0,0,0,0,0,0,0,0,0,0,2,1,1,1,1,11318,36
"138",138,10.96861006,3.0705e+16,33,37.1784774,0,1,0,0,0,0,0,0,0,0,0,0,2,1,1,1,1,26776,36
"139",139,10.96861006,3.0705e+16,34,37.1784774,0,1,0,0,0,0,0,0,0,0,0,0,4,1,1,1,1,52681,36
"140",140,10.96861006,3.0705e+16,34,37.1784774,0,1,0,0,0,0,0,0,1,1,0,0,1,1,1,1,1,12521,36
"141",141,10.96861006,3.0705e+16,33,37.1784774,0,0,0,0,0,0,0,0,0,0,0,0,1,1,0,0,1,18984,36
"142",142,10.96861006,3.0705e+16,33,37.1784774,0,0,0,0,0,0,0,0,0,0,0,0,1,1,0,0,1,11921,36
"143",143,10.96861006,3.0705e+16,34,37.1784774,0,1,0,0,0,0,0,0,0,0,0,0,1,1,0,0,1,5548,36
"144",144,11.06366245,3.09051e+16,40,37.07037898,0,0,0,0,0,0,0,0,0,0,0,0,0,0,0,0,1,10129.23828,13
"145",145,11.06366245,3.09051e+16,41,37.07037898,0,0,0,0,0,0,0,0,0,0,0,0,0,0,0,0,1,10596.26758,13
"146",146,11.06366245,3.09051e+16,39,37.07037898,0,0,0,0,0,0,0,0,0,0,0,0,0,0,0,0,1,5274.959961,13
"147",147,11.06366245,3.09051e+16,41,37.07037898,0,0,0,0,0,0,0,0,0,0,0,0,0,0,0,0,1,15084.17871,13
"148",148,11.06366245,3.09051e+16,40,37.07037898,0,0,0,0,0,0,0,0,0,0,0,0,0,0,0,0,1,21083.29297,13
"149",149,11.06366245,3.09051e+16,41,37.07037898,0,0,0,0,0,0,0,0,0,0,0,0,0,0,0,0,1,20993.70508,13
"150",150,11.06366245,3.09051e+16,41,37.07037898,0,0,0,0,0,0,0,0,0,0,0,0,0,0,0,0,1,21574.83008,13
"151",151,11.06366245,3.09051e+16,38,37.07037898,0,0,0,0,0,0,0,0,0,0,0,0,0,0,0,0,0,3068.79248,13
"152",152,11.06366245,3.09051e+16,40,37.07037898,0,0,0,0,0,0,0,0,0,0,0,0,1,1,0,0,1,25901.49609,13
"153",153,11.06366245,3.09051e+16,39,37.07037898,0,0,0,0,0,0,0,0,0,0,0,0,1,1,0,0,1,12630.24219,13
"154",154,11.06366245,3.09051e+16,39,37.07037898,0,0,0,0,0,0,0,0,0,0,0,0,0,0,0,0,1,5559.719727,13
"155",155,11.23857324,3.02071e+16,107,38.31134088,0,0,0,0,0,0,0,0,0,0,0,0,0,0,0,0,0,35228.48438,19
"156",156,11.23857324,3.02071e+16,108,38.31134088,0,0,0,0,0,0,0,0,0,0,0,0,1,1,0,0,0,22686.01172,19
"157",157,11.23857324,3.02071e+16,107,38.31134088,0,0,0,0,0,0,0,0,0,0,0,0,0,0,0,0,1,57021.95703,19
"158",158,11.23857324,3.02071e+16,108,38.31134088,0,0,0,0,0,0,0,0,0,0,0,0,0,0,0,0,1,5475,19
"159",159,11.23857324,3.02071e+16,105,38.31134088,0,0,0,0,0,0,0,0,0,0,0,0,0,0,0,0,0,2724.066895,19
"160",160,11.23857324,3.02071e+16,107,38.31134088,0,0,0,0,0,0,0,0,0,0,0,0,0,0,0,0,1,66601.53125,19
"161",161,11.23857324,3.02071e+16,107,38.31134088,0,0,0,0,0,0,0,0,0,0,0,0,0,0,0,0,1,11498.01953,19
"162",162,11.23857324,3.02071e+16,107,38.31134088,5,0,0,0,0,0,0,0,0,0,0,0,1,1,0,0,1,32278.06055,19
"163",163,11.23857324,3.02071e+16,107,38.31134088,7,0,0,0,0,0,0,0,0,0,0,0,0,0,0,0,1,48176.36719,19
"164",164,11.23857324,3.02071e+16,107,38.31134088,0.25,0,0,0,0,0,0,0,0,0,0,0,1,1,0,0,1,43822.4375,19
"165",165,11.28282106,3.07131e+16,56,36.95968793,0,0,0,0,0,0,0,0,0,0,0,0,0,0,0,0,1,16700.47656,28
"166",166,11.28282106,3.07131e+16,56,36.95968793,0,0,0,0,0,0,0,0,0,0,0,0,1,1,0,0,1,15202.29883,28
"167",167,11.28282106,3.07131e+16,55,36.95968793,0,0,0,0,0,0,0,0,0,0,0,0,0,0,0,0,1,12555.47754,28
"168",168,11.28282106,3.07131e+16,55,36.95968793,2,0,0,0,0,0,0,0,0,0,0,0,0,0,0,0,1,19323.8457,28
"169",169,11.28282106,3.07131e+16,56,36.95968793,0.5,0,0,0,0,0,0,0,0,0,0,0,1,1,0,0,1,30747.8457,28
"170",170,11.28282106,3.07131e+16,55,36.95968793,0,0,0,0,0,0,0,0,0,0,0,0,1,1,0,0,1,17727.05859,28
"171",171,11.28282106,3.07131e+16,56,36.95968793,0,0,0,0,0,0,0,0,0,0,0,0,0,0,0,0,1,9762.219727,28
"172",172,11.28282106,3.07131e+16,55,36.95968793,0,0,0,0,0,0,0,0,0,0,0,0,0,0,0,0,1,26056.59766,28
"173",173,11.28282106,3.07131e+16,56,36.95968793,3.16666666666667,0,0,0,0,0,0,0,0,0,0,0,1,1,0,0,1,32011.12109,28
"174",174,11.35088737,3.01141e+16,93,38.22712493,0,0,0,0,0,0,0,0,0,0,0,0,1,1,0,0,0,23476.06641,10
"175",175,11.37447512,3.07031e+16,27,37.4523245,0.166666666666667,0,0,0,0,0,0,0,0,0,0,0,0,0,0,0,0,31032.42969,18
"176",176,11.37447512,3.07031e+16,27,37.4523245,0.5,0,0,0,0,0,0,0,0,0,0,0,0,0,0,0,0,36193.38281,18
"177",177,11.37447512,3.07031e+16,27,37.4523245,0.333333333333333,0,0,0,0,0,0,0,0,0,0,0,0,0,0,0,1,38552.14453,18
"178",178,11.37447512,3.07031e+16,27,37.4523245,0.333333333333333,0,0,0,0,0,0,0,0,0,0,0,1,1,0,0,1,56110.64844,18
"179",179,11.37447512,3.07031e+16,28,37.4523245,0.583333333333333,0,0,0,0,0,0,0,0,0,0,0,0,0,0,0,1,46810.53125,18
"180",180,11.37447512,3.07031e+16,27,37.4523245,0.416666666666667,0,0,0,0,0,0,0,0,0,0,0,0,0,0,0,1,46786.53516,18
"181",181,11.37447512,3.07031e+16,28,37.4523245,0.333333333333333,0,0,0,0,0,0,0,0,0,0,0,1,1,0,0,1,21578.48438,18
"182",182,11.37447512,3.07031e+16,27,37.4523245,0.5,0,0,0,0,0,0,0,0,0,0,0,0,0,0,0,1,30451.42969,18
"183",183,11.37447512,3.07031e+16,27,37.4523245,0,0,0,0,0,0,0,0,0,0,0,0,0,0,0,0,1,3191.552002,18
"184",184,11.37447512,3.07031e+16,27,37.4523245,0.25,0,0,0,0,0,0,0,0,0,0,0,0,0,0,0,1,16839.5625,18
"185",185,11.37447512,3.07031e+16,27,37.4523245,1,0,0,0,0,0,0,0,0,0,0,0,0,0,0,0,1,16796.75977,18
"186",186,11.37722014,3.02071e+16,99,38.27801868,0,1,0,0,0,0,0,0,0,0,0,0,0,0,0,0,0,8668,15
"187",187,11.39627432,3.07041e+16,44,37.04261626,0,0,0,0,0,0,0,0,0,0,0,0,1,1,0,0,1,16793.47656,30
"188",188,11.39627432,3.07041e+16,43,37.04261626,0,0,0,0,0,0,0,0,0,0,0,0,0,0,0,0,1,16327.47754,30
"189",189,11.39627432,3.07041e+16,45,37.04261626,0,1,0,0,0,0,0,0,0,0,1,1,1,1,1,1,1,57881,30
"190",190,11.39627432,3.07041e+16,43,37.04261626,0,0,0,0,0,0,0,0,0,0,0,0,1,1,0,0,1,18229.69141,30
"191",191,11.39627432,3.07041e+16,43,37.04261626,0,0,0,0,0,0,0,0,0,0,0,0,2,1,0,0,1,24502.7168,30
"192",192,11.39627432,3.07041e+16,42,37.04261626,0,0,0,0,0,0,0,0,0,0,0,0,1,1,0,0,1,13005.47754,30
"193",193,11.39627432,3.07041e+16,43,37.04261626,0,1,0,0,0,0,0,0,0,0,0,0,1,1,0,0,1,16907.23828,30
"194",194,11.39627432,3.07041e+16,43,37.04261626,0,0,0,0,0,0,0,0,0,0,0,0,0,0,0,0,1,21850.89453,30
"195",195,11.39627432,3.07041e+16,42,37.04261626,0,0,0,0,0,0,0,0,0,0,0,0,1,1,0,0,1,20312.95313,30
"196",196,11.39627432,3.07041e+16,43,37.04261626,0,0,0,0,0,0,0,0,0,0,0,0,1,1,0,0,1,15858.47754,30
"197",197,11.39627432,3.07041e+16,43,37.04261626,1.33333333333333,0,0,0,0,0,0,0,0,0,0,0,1,1,0,0,1,13220.40527,30
"198",198,11.39627432,3.07041e+16,43,37.04261626,0,1,0,0,0,0,0,0,0,0,0,0,1,1,0,0,1,13246.23828,30
"199",199,11.40681936,3.0207e+16,95,38.23929378,0,0,0,0,0,0,0,0,0,0,0,0,1,1,0,0,1,20715,12
"200",200,11.40681936,3.0207e+16,95,38.23929378,0,0,0,0,0,0,0,0,0,0,0,0,1,1,1,1,1,30314,12
"201",201,11.40681936,3.0207e+16,94,38.23929378,0,1,0,0,0,0,0,0,0,0,1,1,2,1,2,1,1,27914,12
"202",202,11.40681936,3.0207e+16,95,38.23929378,0,0,0,0,0,0,0,0,0,0,0,0,2,1,0,0,1,7387,12
"203",203,11.40681936,3.0207e+16,95,38.23929378,0,1,0,0,0,0,0,0,2,1,0,0,1,1,1,1,1,17599,12
"204",204,11.40681936,3.0207e+16,95,38.23929378,0,0,0,0,0,0,0,0,0,0,0,0,2,1,0,0,1,13508,12
"205",205,11.40681936,3.0207e+16,95,38.23929378,0,0,0,0,0,0,0,0,0,0,0,0,1,1,0,0,1,10464,12
"206",206,11.40681936,3.0207e+16,94,38.23929378,0,0,0,0,0,0,0,0,0,0,0,0,1,1,0,0,1,11426,12
"207",207,11.40681936,3.0207e+16,95,38.23929378,0,1,0,0,0,0,0,0,1,1,0,0,1,1,0,0,0,18493,12
"208",208,11.40681936,3.0207e+16,95,38.23929378,0,0,0,0,0,0,0,0,0,0,0,0,2,1,1,1,1,12654,12
"209",209,11.40681936,3.0207e+16,95,38.23929378,0,1,0,0,0,0,0,0,1,1,0,0,1,1,1,1,0,20040,12
"210",210,11.40681936,3.0207e+16,95,38.23929378,0,1,0,0,0,0,0,0,0,0,0,0,3,1,1,1,1,44568,12
"211",211,11.40681936,3.0207e+16,95,38.23929378,0,1,0,0,0,0,0,0,0,0,0,0,2,1,1,1,1,18302,12
"212",212,11.40681936,3.0207e+16,95,38.23929378,0,0,0,0,0,0,0,0,0,0,0,0,1,1,0,0,0,7459.418945,12
"213",213,11.40681936,3.0207e+16,95,38.23929378,0,1,0,0,0,0,0,0,0,0,0,0,2,1,1,1,1,34167,12
"214",214,11.57631951,3.1101e+16,2,37.3667248,0,1,1,1,0,0,0,0,2,1,1,1,2,1,1,1,1,67404,21
"215",215,11.57631951,3.1101e+16,5,37.3667248,0,1,0,0,0,0,0,0,0,0,1,1,2,1,1,1,0,61208,21
"216",216,11.57631951,3.1101e+16,2,37.3667248,0,1,0,0,2,1,0,0,0,0,1,1,3,1,1,1,1,72442,21
"217",217,11.57631951,3.1101e+16,2,37.3667248,0,1,0,0,0,0,0,0,0,0,1,1,1,1,1,1,1,27520,21
"218",218,11.57631951,3.1101e+16,3,37.3667248,0.25,0,0,0,0,0,0,0,0,0,0,0,3,1,1,1,0,75084,21
"219",219,11.57631951,3.1101e+16,3,37.3667248,0,1,0,0,1,1,0,0,0,0,1,1,3,1,1,1,1,54524,21
"220",220,11.57631951,3.1101e+16,3,37.3667248,0,1,0,0,0,0,0,0,0,0,1,1,1,1,1,1,0,30606,21
"221",221,11.57631951,3.1101e+16,3,37.3667248,0,1,0,0,0,0,0,0,1,1,0,0,2,1,0,0,0,24840,21
"222",222,11.57631951,3.1101e+16,3,37.3667248,0,1,0,0,0,0,0,0,0,0,1,1,4,1,1,1,1,70588,21
"223",223,11.57631951,3.1101e+16,3,37.3667248,0,1,0,0,0,0,0,0,0,0,1,1,2,1,1,1,0,41974,21
"224",224,11.57631951,3.1101e+16,2,37.3667248,0,1,1,1,0,0,0,0,0,0,1,1,1,1,1,1,1,74610,21
"225",225,11.57631951,3.1101e+16,3,37.3667248,0,1,0,0,0,0,0,0,0,0,1,1,1,1,1,1,1,37733,21
"226",226,11.57631951,3.1101e+16,2,37.3667248,0,1,0,0,0,0,0,0,0,0,1,1,2,1,1,1,0,22124,21
"227",227,11.57631951,3.1101e+16,3,37.3667248,0,1,0,0,0,0,0,0,0,0,1,1,3,1,1,1,1,32240,21
"228",228,11.58342751,3.1101e+16,2,37.4126559,0,1,0,0,0,0,0,0,0,0,0,0,1,1,1,1,0,9621,24
"229",229,11.58342751,3.1101e+16,2,37.4126559,0,1,0,0,0,0,0,0,0,0,0,0,0,0,0,0,1,8662,24
"230",230,11.58342751,3.1101e+16,2,37.4126559,0,1,0,0,0,0,0,0,0,0,0,0,2,1,0,0,0,27616,24
"231",231,11.58342751,3.1101e+16,2,37.4126559,0,1,0,0,0,0,0,0,0,0,1,1,2,1,1,1,1,43752,24
"232",232,11.58342751,3.1101e+16,2,37.4126559,0,1,0,0,1,1,0,0,0,0,0,0,2,1,1,1,1,17003,24
"233",233,11.58342751,3.1101e+16,2,37.4126559,0,1,0,0,0,0,0,0,0,0,0,0,2,1,1,1,1,50991,24
"234",234,11.58342751,3.1101e+16,2,37.4126559,0,0,0,0,0,0,0,0,0,0,0,0,1,1,1,1,1,23855,24
"235",235,11.58342751,3.1101e+16,2,37.4126559,0,1,0,0,0,0,0,0,0,0,0,0,3,1,0,0,1,27209,24
"236",236,11.58342751,3.1101e+16,2,37.4126559,0,1,0,0,0,0,0,0,0,0,0,0,2,1,1,1,0,28090,24
"237",237,11.58342751,3.1101e+16,2,37.4126559,0,1,0,0,0,0,0,0,0,0,0,0,2,1,0,0,0,19472,24
"238",238,11.58342751,3.1101e+16,2,37.4126559,0,1,0,0,0,0,0,0,0,0,0,0,1,1,0,0,0,9784,24
"239",239,11.58960691,3.1101e+16,2,37.3720338,0,1,0,0,0,0,0,0,0,0,1,1,1,1,1,1,0,14742,25
"240",240,11.58960691,3.1101e+16,12,37.3720338,0,1,1,1,0,0,0,0,2,1,1,1,1,1,1,1,0,506436,25
"241",241,11.58960691,3.1101e+16,1,37.3720338,0,1,0,0,0,0,0,0,1,1,0,0,1,1,1,1,0,14076,25
"242",242,11.58960691,3.1101e+16,2,37.3720338,0,0,0,0,0,0,0,0,0,0,0,0,1,1,0,0,0,12914,25
"243",243,11.58960691,3.1101e+16,2,37.3720338,0,0,0,0,1,1,0,0,0,0,1,1,5,1,1,1,1,72044,25
"244",244,11.58960691,3.1101e+16,2,37.3720338,0,0,0,0,0,0,0,0,0,0,0,0,2,1,0,0,0,16237,25
"245",245,11.58960691,3.1101e+16,2,37.3720338,0,1,0,0,1,1,0,0,0,0,1,1,6,1,1,1,0,94405,25
"246",246,11.58960691,3.1101e+16,2,37.3720338,0,1,0,0,0,0,0,0,0,0,1,1,3,1,1,1,1,113776,25
"247",247,11.58960691,3.1101e+16,3,37.3720338,0,1,0,0,0,0,0,0,1,1,0,0,1,1,0,0,0,8093,25
"248",248,11.58960691,3.1101e+16,2,37.3720338,0,1,0,0,1,1,0,0,0,0,0,0,3,1,1,1,1,40248,25
"249",249,11.58960691,3.1101e+16,5,37.3720338,0,1,0,0,1,1,0,0,0,0,1,1,3,1,1,1,1,36710,25
"250",250,11.58960691,3.1101e+16,2,37.3720338,0,1,0,0,1,1,0,0,0,0,2,1,2,1,1,1,1,43622,25
"251",251,11.58960691,3.1101e+16,2,37.3720338,0,1,0,0,1,1,0,0,1,1,1,1,2,1,1,1,1,53508,25
"252",252,11.61293246,3.07031e+16,4,37.32105222,0,1,0,0,0,0,0,0,0,0,0,0,2,1,0,0,0,15519,9
"253",253,11.61589194,3.02091e+16,9,37.46262557,0,0,0,0,0,0,0,0,0,0,0,0,2,1,0,0,0,8019.572266,23
"254",254,11.64543988,3.02051e+16,115,38.4188571,0,0,0,0,0,0,0,0,0,0,0,0,0,0,0,0,1,17959.36523,2
"255",255,11.64543988,3.02051e+16,114,38.4188571,0,0,0,0,0,0,0,0,0,0,0,0,0,0,0,0,1,8069.975098,2
"256",256,11.64543988,3.02051e+16,114,38.4188571,1.25,0,0,0,0,0,0,0,0,0,0,0,0,0,0,0,1,15222.63379,2
"257",257,11.64543988,3.02051e+16,114,38.4188571,0,0,0,0,0,0,0,0,0,0,0,0,0,0,0,0,1,20845.26758,2
"258",258,11.64543988,3.02051e+16,114,38.4188571,0,0,0,0,0,0,0,0,0,0,0,0,0,0,0,0,1,16263.55859,2
"259",259,11.64543988,3.02051e+16,115,38.4188571,0,0,0,0,0,0,0,0,0,0,0,0,0,0,0,0,1,18794,2
"260",260,11.64543988,3.02051e+16,114,38.4188571,0.5,0,0,0,0,0,0,0,0,0,0,0,0,0,0,0,1,18295.07422,2
"261",261,11.64543988,3.02051e+16,114,38.4188571,1.41666666666667,0,0,0,0,0,0,0,0,0,0,0,1,1,0,0,1,16760.23828,2
"262",262,11.64543988,3.02051e+16,115,38.4188571,0.75,0,0,0,0,0,0,0,0,0,0,0,0,0,0,0,1,20313.32227,2
"263",263,11.64543988,3.02051e+16,116,38.4188571,1.25,0,0,0,0,0,0,0,0,0,0,0,0,0,0,0,1,9566.316406,2
"264",264,11.64543988,3.02051e+16,114,38.4188571,0,0,0,0,0,0,0,0,0,0,0,0,0,0,0,0,1,3833.658447,2
"265",265,11.65147082,3.07011e+16,32,37.10328125,0,0,0,0,0,0,0,0,0,0,0,0,0,0,0,0,0,18411.41797,1
"266",266,11.65147082,3.07011e+16,33,37.10328125,2,0,0,0,0,0,0,0,0,0,0,0,0,0,0,0,0,17498.19336,1
"267",267,11.65147082,3.07011e+16,32,37.10328125,0,0,0,0,0,0,0,0,0,0,0,0,0,0,0,0,0,5416.59668,1
"268",268,11.65147082,3.07011e+16,32,37.10328125,0,0,0,0,0,0,0,0,0,0,0,0,0,0,0,0,1,15039.7168,1
"269",269,11.65147082,3.07011e+16,32,37.10328125,0,0,0,0,0,0,0,0,0,0,0,0,0,0,0,0,1,6616.791992,1
"270",270,11.65147082,3.07011e+16,32,37.10328125,0,0,0,0,0,0,0,0,0,0,0,0,0,0,0,0,1,4795.895996,1
"271",271,11.65147082,3.07011e+16,32,37.10328125,0,0,0,0,0,0,0,0,0,0,0,0,0,0,0,0,1,10157.7168,1
"272",272,11.65147082,3.07011e+16,32,37.10328125,4.33333333333333,0,0,0,0,0,0,0,0,0,0,0,0,0,0,0,1,7554,1
"273",273,11.65147082,3.07011e+16,32,37.10328125,0,0,0,0,0,0,0,0,0,0,0,0,0,0,0,0,1,10826.47754,1
"274",274,11.65147082,3.07011e+16,33,37.10328125,0,0,0,0,0,0,0,0,0,0,0,0,0,0,0,0,1,18764.7832,1
"275",275,11.65147082,3.07011e+16,33,37.10328125,0,0,0,0,0,0,0,0,0,0,0,0,0,0,0,0,1,12131.59668,1
"276",276,11.65147082,3.07011e+16,32,37.10328125,0,0,0,0,0,0,0,0,0,0,0,0,0,0,0,0,0,4488.895996,1
"277",277,11.68907213,3.02091e+16,26,37.60745506,0,0,0,0,0,0,0,0,0,0,0,0,0,0,0,0,0,15857.91113,20
"278",278,11.68907213,3.02091e+16,26,37.60745506,0,0,0,0,0,0,0,0,0,0,0,0,0,0,0,0,1,7160.889648,20
"279",279,11.68907213,3.02091e+16,26,37.60745506,0.833333333333333,0,0,0,0,0,0,0,0,0,0,0,0,0,0,0,0,11717.18945,20
"280",280,11.68907213,3.02091e+16,26,37.60745506,0,0,0,0,0,0,0,0,0,0,0,0,0,0,0,0,0,14129.28613,20
"281",281,11.68907213,3.02091e+16,26,37.60745506,0,0,0,0,0,0,0,0,0,0,0,0,1,1,0,0,1,14906.9834,20
"282",282,11.68907213,3.02091e+16,26,37.60745506,0,0,0,0,0,0,0,0,0,0,0,0,0,0,0,0,0,18288.23047,20
"283",283,11.68907213,3.02091e+16,26,37.60745506,0,0,0,0,0,0,0,0,0,0,0,0,0,0,0,0,0,5979.171387,20
"284",284,11.68907213,3.02091e+16,26,37.60745506,0,0,0,0,0,0,0,0,0,0,0,0,0,0,0,0,0,5301.619141,20
"285",285,11.68907213,3.02091e+16,26,37.60745506,0,0,0,0,0,0,0,0,0,0,0,0,0,0,0,0,0,17848.7793,20
"286",286,11.68907213,3.02091e+16,24,37.60745506,0,0,0,0,0,0,0,0,0,0,0,0,0,0,0,0,0,14931.12793,20
"287",287,11.78694712,3.0209e+16,29,37.59080303,0,1,0,0,0,0,0,0,0,0,5,1,0,0,1,1,1,33212.66406,7
"288",288,11.78694712,3.0209e+16,29,37.59080303,0,1,0,0,0,0,0,0,0,0,0,0,0,0,0,0,1,43820,7
"289",289,11.78694712,3.0209e+16,29,37.59080303,0,0,2,1,0,0,0,0,0,0,0,0,1,1,1,1,1,12195.8457,7
"290",290,11.78694712,3.0209e+16,29,37.59080303,0,0,0,0,0,0,0,0,0,0,0,0,1,1,0,0,1,23329,7
"291",291,11.78694712,3.0209e+16,29,37.59080303,0,1,0,0,0,0,0,0,0,0,0,0,1,1,0,0,1,3199.199951,7
"292",292,11.78694712,3.0209e+16,29,37.59080303,0,0,1,1,1,1,0,0,0,0,1,1,3,1,1,1,1,24354,7
"293",293,11.78694712,3.0209e+16,29,37.59080303,0,0,0,0,0,0,0,0,0,0,0,0,1,1,1,1,0,23486,7
"294",294,11.78694712,3.0209e+16,29,37.59080303,0,1,0,0,0,0,0,0,1,1,0,0,1,1,1,1,0,6726,7
"295",295,11.81764451,3.02041e+16,88,38.16022578,0.25,0,0,0,0,0,0,0,0,0,0,0,0,0,0,0,1,7564.573242,4
"296",296,11.81764451,3.02041e+16,90,38.16022578,0,0,0,0,0,0,0,0,0,0,0,0,0,0,0,0,1,5149,4
"297",297,11.81764451,3.02041e+16,88,38.16022578,0,1,0,0,0,0,0,0,0,0,0,0,0,0,0,0,0,5836.791992,4
"298",298,11.81764451,3.02041e+16,90,38.16022578,0.25,0,0,0,0,0,0,0,0,0,0,0,0,0,0,0,1,12292.45898,4
"299",299,11.81764451,3.02041e+16,90,38.16022578,0.666666666666667,0,0,0,0,0,0,0,0,0,0,0,1,1,0,0,1,13763.41797,4
"300",300,11.81764451,3.02041e+16,90,38.16022578,0.166666666666667,0,0,0,0,0,0,0,0,0,0,0,1,1,0,0,1,15147.13086,4
"301",301,11.81764451,3.02041e+16,90,38.16022578,0,0,0,0,0,0,0,0,0,0,0,0,0,0,0,0,1,9247.438477,4
"302",302,11.81764451,3.02041e+16,90,38.16022578,0.5,0,0,0,0,0,0,0,0,0,0,0,0,0,0,0,1,15909.03906,4
"303",303,11.81764451,3.02041e+16,89,38.16022578,0.5,0,0,0,0,0,0,0,0,0,0,0,0,0,0,0,1,14825.03906,4
"304",304,11.81764451,3.02041e+16,89,38.16022578,0,0,0,0,0,0,0,0,0,0,0,0,0,0,0,0,1,20576.27148,4
"305",305,11.81764451,3.02041e+16,89,38.16022578,0,0,0,0,0,0,0,0,0,0,0,0,0,0,0,0,1,9206.379883,4
"306",306,11.81764451,3.02041e+16,94,38.16022578,0,1,0,0,0,0,0,0,0,0,0,0,2,1,0,0,1,15879,4
"307",307,12.04982339,3.02021e+16,68,37.80032376,0,0,0,0,0,0,0,0,0,0,0,0,1,1,0,0,1,26126.4707,34
"308",308,12.04982339,3.02021e+16,69,37.80032376,0.833333333333333,0,0,0,0,0,0,0,0,0,0,0,1,1,0,0,0,12317.2832,34
"309",309,12.04982339,3.02021e+16,68,37.80032376,0.25,0,0,0,0,0,0,0,0,0,0,0,0,0,0,0,1,16415.17188,34
"310",310,12.04982339,3.02021e+16,68,37.80032376,0,1,0,0,0,0,0,0,0,0,0,0,1,1,0,0,1,23714.26367,34
"311",311,12.04982339,3.02021e+16,68,37.80032376,1,0,0,0,0,0,0,0,0,0,0,0,0,0,0,0,1,14660.25,34
"312",312,12.04982339,3.02021e+16,68,37.80032376,0.75,0,0,0,0,0,0,0,0,0,0,0,1,1,0,0,0,10633.91406,34
"313",313,12.04982339,3.02021e+16,67,37.80032376,1,0,0,0,0,0,0,0,0,0,0,0,0,0,0,0,1,7901.75,34
"314",314,12.04982339,3.02021e+16,68,37.80032376,0.166666666666667,0,0,0,0,0,0,0,0,0,0,0,0,0,0,0,1,14861.28711,34
"315",315,12.04982339,3.02021e+16,67,37.80032376,0,0,0,0,0,0,0,0,0,0,0,0,1,1,0,0,1,43526.94922,34
"316",316,12.04982339,3.02021e+16,68,37.80032376,2,0,0,0,0,0,0,0,0,0,2,1,1,1,0,0,1,11099.5,34
"317",317,12.04982339,3.02021e+16,68,37.80032376,0.166666666666667,0,0,0,0,0,0,0,0,0,0,0,1,1,0,0,1,12139.19727,34
"318",318,12.30598789,3.01161e+16,51,37.83801338,0,1,0,0,0,0,0,0,0,0,0,0,0,0,0,0,1,19132.38281,26
"319",319,12.30598789,3.01161e+16,51,37.83801338,2.16666666666667,1,0,0,0,0,0,0,0,0,0,0,0,0,0,0,0,15080.45313,26
"320",320,12.30598789,3.01161e+16,50,37.83801338,0,0,0,0,0,0,0,0,0,0,0,0,0,0,0,0,1,10343.78125,26
"321",321,12.30598789,3.01161e+16,51,37.83801338,0,0,0,0,0,0,0,0,0,0,0,0,0,0,0,0,1,16836.24023,26
"322",322,12.30598789,3.01161e+16,49,37.83801338,0,0,0,0,0,0,0,0,0,0,0,0,0,0,0,0,0,7161,26
"323",323,12.30598789,3.01161e+16,50,37.83801338,0,0,0,0,0,0,0,0,0,0,0,0,0,0,0,0,1,23252.4668,26
"324",324,12.30598789,3.01161e+16,51,37.83801338,0,0,0,0,0,0,0,0,0,0,0,0,0,0,0,0,1,18022.45313,26
"325",325,12.30598789,3.01161e+16,50,37.83801338,0,0,0,0,0,0,0,0,0,0,0,0,0,0,0,0,0,10382,26
"326",326,12.30598789,3.01161e+16,51,37.83801338,0,0,0,0,0,0,0,0,0,0,0,0,0,0,0,0,0,4515.764648,26
"327",327,12.30598789,3.01161e+16,51,37.83801338,3.66666666666667,0,0,0,0,0,0,0,0,0,0,0,0,0,0,0,1,18825.08789,26
"328",328,12.30598789,3.01161e+16,51,37.83801338,0,0,0,0,0,0,0,0,0,0,0,0,0,0,0,0,0,14870.4668,26
"329",329,12.33849626,3.01101e+16,37,37.67502096,0,0,0,0,0,0,0,0,0,0,0,0,0,0,0,0,1,7042,29
"330",330,12.33849626,3.01101e+16,37,37.67502096,0.5,0,0,0,0,0,0,0,0,0,0,0,2,1,0,0,1,17163.88477,29
"331",331,12.33849626,3.01101e+16,36,37.67502096,2,0,0,0,0,0,0,0,0,0,0,0,0,0,0,0,1,10171.71484,29
"332",332,12.33849626,3.01101e+16,36,37.67502096,0,0,0,0,0,0,0,0,0,0,0,0,0,0,0,0,1,3398,29
"333",333,12.33849626,3.01101e+16,37,37.67502096,4.46666666666667,0,0,0,0,0,0,0,0,0,0,0,0,0,0,0,1,10138.8877,29
"334",334,12.33849626,3.01101e+16,36,37.67502096,0,0,0,0,0,0,0,0,0,0,0,0,0,0,0,0,1,12117.7998,29
"335",335,12.33849626,3.01101e+16,37,37.67502096,0,0,0,0,0,0,0,0,0,0,0,0,0,0,0,0,1,16896.06641,29
"336",336,12.33849626,3.01101e+16,36,37.67502096,0.166666666666667,0,0,0,0,0,0,0,0,0,0,0,0,0,0,0,1,17559.98047,29
"337",337,12.33849626,3.01101e+16,36,37.67502096,1,0,0,0,0,0,0,0,0,0,0,0,0,0,0,0,1,2581.546631,29
"338",338,12.33849626,3.01101e+16,37,37.67502096,4,0,0,0,0,0,0,0,0,0,0,0,0,0,0,0,1,10088.90625,29
"339",339,12.33849626,3.01101e+16,36,37.67502096,1,0,0,0,0,0,0,0,0,0,0,0,0,0,0,0,1,8212.295898,29
"340",340,12.33849626,3.01101e+16,36,37.67502096,4,0,0,0,0,0,0,0,0,0,0,0,0,0,0,0,1,9541.354492,29
"341",341,12.35629673,3.02011e+16,113,38.45244162,2,0,0,0,0,0,0,0,0,0,0,0,0,0,0,0,1,12358.51953,11
"342",342,12.35629673,3.02011e+16,111,38.45244162,0,1,0,0,0,0,0,0,0,0,0,0,0,0,0,0,1,13219.84961,11
"343",343,12.35629673,3.02011e+16,111,38.45244162,0,0,0,0,0,0,0,0,0,0,0,0,0,0,0,0,1,36721.71484,11
"344",344,12.35629673,3.02011e+16,111,38.45244162,6,0,0,0,0,0,0,0,0,0,0,0,0,0,0,0,1,21604.91211,11
"345",345,12.35629673,3.02011e+16,111,38.45244162,2,0,0,0,0,0,0,0,0,0,0,0,0,0,0,0,1,7865.519531,11
"346",346,12.35629673,3.02011e+16,111,38.45244162,4,0,0,0,0,0,0,0,0,0,0,0,0,0,0,0,1,14431,11
"347",347,12.35629673,3.02011e+16,111,38.45244162,0,0,0,0,0,0,0,0,0,0,0,0,0,0,0,0,1,12072.91992,11
"348",348,12.35629673,3.02011e+16,111,38.45244162,0,0,0,0,0,0,0,0,0,0,0,0,0,0,0,0,1,7726.519531,11
