,lat_dd_mod,household_id2,dist_market,lon_dd_mod,tsfirewood,hh_education,car_num,car,bicycle_num,bicycle,motorcycle_num,motorcycle,kerosene_num,kerosene,electric_num,electric,mobile_num,mobile,tv_num,tv,iddir,total_cons_ann,ess_id
1,9.991906269,3.06111E+16,39,37.69255271,180,0,0,0,0,0,0,0,0,0,0,0,0,0,0,0,1,8515,22
2,9.991906269,3.06111E+16,38,37.69255271,0,0,0,0,0,0,0,0,0,0,0,0,0,0,0,0,1,12454,22
3,9.991906269,3.06111E+16,38,37.69255271,0,0,0,0,0,0,0,0,0,0,0,0,0,0,0,0,1,14768.57129,22
4,9.991906269,3.06111E+16,38,37.69255271,0,0,0,0,0,0,0,0,0,0,0,0,0,0,0,0,1,15304,22
5,9.991906269,3.06111E+16,38,37.69255271,0,0,0,0,0,0,0,0,0,0,0,0,0,0,0,0,1,16881.24023,22
6,9.991906269,3.06111E+16,39,37.69255271,0,5,0,0,0,0,0,0,0,0,0,0,0,0,0,0,0,5478,22
7,9.991906269,3.06111E+16,38,37.69255271,72,0,0,0,0,0,0,0,0,0,0,0,0,0,0,0,1,12339.42871,22
8,9.991906269,3.06111E+16,38,37.69255271,70,0,0,0,0,0,0,0,0,0,0,0,0,0,0,0,0,5156.47998,22
9,9.991906269,3.06111E+16,38,37.69255271,0,0,0,0,0,0,0,0,0,0,0,0,0,0,0,0,1,10297.85742,22
10,9.991906269,3.06111E+16,38,37.69255271,0,0,0,0,0,0,0,0,0,0,0,0,0,0,0,0,1,12462,22
11,10.41807174,3.06061E+16,49,38.16971213,0,0,0,0,0,0,0,0,0,0,0,0,0,0,0,0,1,3157.912109,17
12,10.41807174,3.06061E+16,49,38.16971213,0,0,0,0,0,0,0,0,0,0,0,0,0,0,0,0,0,2963,17
13,10.41807174,3.06061E+16,49,38.16971213,0,0,0,0,0,0,0,0,0,0,0,0,1,1,0,0,1,30896,17
14,10.41807174,3.06061E+16,49,38.16971213,0,0,0,0,0,0,0,0,0,0,0,0,0,0,0,0,1,19415,17
15,10.41807174,3.06061E+16,49,38.16971213,0,0,0,0,0,0,0,0,0,0,0,0,0,0,0,0,0,14854,17
16,10.41807174,3.06061E+16,49,38.16971213,5,0,0,0,0,0,0,0,0,0,0,0,0,0,0,0,1,22480.05664,17
17,10.41807174,3.06061E+16,49,38.16971213,5,0,0,0,0,0,0,0,0,0,0,0,1,1,0,0,1,48379.89844,17
18,10.41807174,3.06061E+16,49,38.16971213,0,0,0,0,0,0,0,0,0,0,0,0,0,0,0,0,1,21313,17
19,10.41807174,3.06061E+16,49,38.16971213,0,0,0,0,0,0,0,0,0,0,0,0,0,0,0,0,1,8133.840332,17
20,10.41807174,3.06061E+16,49,38.16971213,0,0,0,0,0,0,0,0,0,0,0,0,0,0,0,0,0,3149.023926,17
21,10.41807174,3.06061E+16,49,38.16971213,0,6,0,0,0,0,0,0,0,0,0,0,0,0,0,0,0,7509.680176,17
22,10.41807174,3.06061E+16,49,38.16971213,0,0,0,0,0,0,0,0,0,0,4,1,1,1,0,0,1,19545,17
23,10.42161736,3.06091E+16,18,37.57654888,0,0,0,0,0,0,0,0,0,0,0,0,1,1,0,0,1,8384,31
24,10.42161736,3.06091E+16,18,37.57654888,0,0,0,0,0,0,0,0,0,0,0,0,0,0,0,0,1,11236.2168,31
25,10.42161736,3.06091E+16,18,37.57654888,0,0,0,0,0,0,0,0,0,0,0,0,1,1,0,0,1,14910.95801,31
26,10.42161736,3.06091E+16,18,37.57654888,0,0,0,0,0,0,0,0,0,0,0,0,0,0,0,0,1,13267.53223,31
27,10.42161736,3.06091E+16,19,37.57654888,30,9,0,0,0,0,0,0,0,0,0,0,1,1,0,0,1,13793.17188,31
28,10.42161736,3.06091E+16,18,37.57654888,90,0,0,0,0,0,0,0,0,0,0,0,1,1,0,0,1,17607.42188,31
29,10.42161736,3.06091E+16,20,37.57654888,10,0,0,0,0,0,0,0,0,0,0,0,1,1,1,1,1,26623,31
30,10.42161736,3.06091E+16,19,37.57654888,0,0,0,0,0,0,0,0,0,0,0,0,0,0,0,0,1,6210,31
31,10.42161736,3.06091E+16,19,37.57654888,99,0,0,0,0,0,0,0,0,0,0,0,0,0,0,0,1,12398.75977,31
32,10.42161736,3.06091E+16,19,37.57654888,0,11,1,1,1,1,0,0,0,0,0,0,2,1,1,1,1,23698,31
33,10.43760291,3.0614E+16,68,38.3184384,0,0,0,0,0,0,0,0,0,0,2,1,0,0,0,0,1,7892,8
34,10.43760291,3.0614E+16,65,38.3184384,0,13,0,0,0,0,0,0,1,1,2,1,1,1,1,1,0,9778,8
35,10.43760291,3.0614E+16,69,38.3184384,0,8,0,0,0,0,0,0,1,1,0,0,1,1,1,1,1,17343.85156,8
36,10.43760291,3.0614E+16,69,38.3184384,0,13,0,0,0,0,0,0,1,1,0,0,2,1,1,1,1,64950,8
37,10.43760291,3.0614E+16,68,38.3184384,0,0,0,0,0,0,0,0,0,0,0,0,1,1,1,1,1,21939,8
38,10.43760291,3.0614E+16,69,38.3184384,0,0,0,0,0,0,0,0,0,0,0,0,0,0,0,0,1,12964,8
39,10.43760291,3.0614E+16,69,38.3184384,0,6,0,0,0,0,0,0,0,0,0,0,2,1,1,1,1,20138,8
40,10.56353338,3.0708E+16,1,37.48977956,0,0,0,0,0,0,0,0,0,0,0,0,0,0,0,0,1,4586,33
41,10.56353338,3.0708E+16,1,37.48977956,0,13,0,0,0,0,0,0,1,1,0,0,1,1,0,0,0,8216,33
42,10.56353338,3.0708E+16,1,37.48977956,20,13,0,0,0,0,0,0,0,0,0,0,2,1,1,1,0,16801.59961,33
43,10.56353338,3.0708E+16,1,37.48977956,0,0,0,0,0,0,0,0,0,0,0,0,1,1,0,0,1,5264.399902,33
44,10.56353338,3.0708E+16,1,37.48977956,0,13,0,0,0,0,0,0,0,0,0,0,1,1,0,0,0,10848,33
45,10.56353338,3.0708E+16,1,37.48977956,0,9,0,0,0,0,0,0,0,0,0,0,3,1,1,1,1,68182.67188,33
46,10.56353338,3.0708E+16,1,37.48977956,0,4,0,0,0,0,0,0,0,0,0,0,2,1,0,0,1,34641,33
47,10.56353338,3.0708E+16,2,37.48977956,0,8,0,0,0,0,0,0,0,0,0,0,2,1,0,0,1,36221.14063,33
48,10.56353338,3.0708E+16,1,37.48977956,0,11,0,0,0,0,0,0,0,0,0,0,1,1,0,0,0,3148.657715,33
49,10.56353338,3.0708E+16,4,37.48977956,0,0,0,0,0,0,0,0,0,0,0,0,1,1,0,0,1,8043,33
50,10.56353338,3.0708E+16,1,37.48977956,60,6,0,0,0,0,0,0,0,0,0,0,5,1,0,0,1,31783.81641,33
51,10.56353338,3.0708E+16,1,37.48977956,20,13,0,0,0,0,0,0,2,1,0,0,4,1,1,1,1,97727.99219,33
52,10.56353338,3.0708E+16,1,37.48977956,0,6,0,0,0,0,0,0,0,0,0,0,2,1,1,1,1,10212,33
53,10.57737596,3.07101E+16,14,37.04496751,0,0,0,0,0,0,0,0,0,0,0,0,1,1,0,0,1,20319.28516,5
54,10.57737596,3.07101E+16,14,37.04496751,0,0,0,0,0,0,0,0,0,0,0,0,1,1,0,0,1,15078.69141,5
55,10.57737596,3.07101E+16,14,37.04496751,40,0,0,0,0,0,0,0,0,0,0,0,0,0,0,0,1,16752.57813,5
56,10.57737596,3.07101E+16,15,37.04496751,0,0,0,0,0,0,0,0,0,0,0,0,0,0,0,0,0,3918,5
57,10.57737596,3.07101E+16,15,37.04496751,0,0,0,0,0,0,0,0,0,0,0,0,0,0,0,0,1,6434,5
58,10.57737596,3.07101E+16,14,37.04496751,0,0,0,0,0,0,0,0,0,0,0,0,0,0,0,0,1,13636.11914,5
59,10.57737596,3.07101E+16,14,37.04496751,0,0,0,0,0,0,0,0,0,0,0,0,2,1,0,0,1,31937.29883,5
60,10.57737596,3.07101E+16,14,37.04496751,0,0,0,0,0,0,0,0,0,0,0,0,1,1,0,0,1,28899.23828,5
61,10.57737596,3.07101E+16,16,37.04496751,0,0,0,0,0,0,0,0,0,0,0,0,0,0,0,0,1,17472,5
62,10.57737596,3.07101E+16,16,37.04496751,120,0,0,0,0,0,0,0,0,0,0,0,1,1,0,0,1,33457.71484,5
63,10.57943193,3.06161E+16,26,37.79849841,0,0,0,0,0,0,0,0,0,0,0,0,1,1,0,0,1,11380,27
64,10.57943193,3.06161E+16,25,37.79849841,270,0,0,0,0,0,0,0,0,0,0,0,0,0,0,0,1,20785.85742,27
65,10.57943193,3.06161E+16,26,37.79849841,0,0,0,0,0,0,0,0,0,0,0,0,0,0,0,0,1,11721.82813,27
66,10.57943193,3.06161E+16,26,37.79849841,180,0,0,0,0,0,0,0,0,0,0,0,0,0,0,0,1,17591.85742,27
67,10.57943193,3.06161E+16,26,37.79849841,130,0,0,0,0,0,0,0,0,0,0,0,0,0,0,0,1,16584.85742,27
68,10.57943193,3.06161E+16,25,37.79849841,0,0,0,0,0,0,0,0,0,0,0,0,0,0,0,0,1,19170.42773,27
69,10.57943193,3.06161E+16,25,37.79849841,270,0,0,0,0,0,0,0,0,0,0,0,0,0,0,0,1,11982,27
70,10.57943193,3.06161E+16,24,37.79849841,0,0,0,0,0,0,0,0,0,0,0,0,0,0,0,0,1,6468,27
71,10.57943193,3.06161E+16,25,37.79849841,0,0,0,0,0,0,0,0,0,0,0,0,0,0,0,0,1,8857,27
72,10.57943193,3.06161E+16,26,37.79849841,0,0,0,0,0,0,0,0,0,0,0,0,1,1,0,0,1,18909.42969,27
73,10.57943193,3.06161E+16,24,37.79849841,20,0,0,0,0,0,0,0,0,0,0,0,1,1,0,0,1,15252.85742,27
74,10.58927683,3.07081E+16,7,37.46159823,0,0,0,0,0,0,0,0,0,0,0,0,0,0,0,0,1,14024.54785,35
75,10.58927683,3.07081E+16,7,37.46159823,0,0,0,0,0,0,0,0,0,0,0,0,0,0,0,0,1,5633.119141,35
76,10.58927683,3.07081E+16,5,37.46159823,0,0,0,0,0,0,0,0,0,0,0,0,0,0,0,0,1,11605.23828,35
77,10.58927683,3.07081E+16,7,37.46159823,60,0,0,0,0,0,0,0,0,0,0,0,0,0,0,0,1,8347.285156,35
78,10.58927683,3.07081E+16,2,37.46159823,0,0,0,0,0,0,0,0,0,0,0,0,0,0,0,0,1,5938.856934,35
79,10.58927683,3.07081E+16,7,37.46159823,0,0,0,0,0,0,0,0,0,0,0,0,0,0,0,0,1,7685.115234,35
80,10.58927683,3.07081E+16,7,37.46159823,0,0,0,0,0,0,0,0,0,0,0,0,0,0,0,0,1,8308.897461,35
81,10.58927683,3.07081E+16,7,37.46159823,0,0,0,0,0,0,0,0,0,0,0,0,2,1,0,0,1,11085.79199,35
82,10.58927683,3.07081E+16,5,37.46159823,570,0,0,0,0,0,0,0,0,0,0,0,2,1,0,0,1,29959.72461,35
83,10.58927683,3.07081E+16,6,37.46159823,78,0,0,0,0,0,0,0,0,0,0,0,1,1,0,0,1,11753.85742,35
84,10.58927683,3.07081E+16,6,37.46159823,0,0,0,0,0,0,0,0,0,0,0,0,0,0,0,0,1,13081.24609,35
85,10.72301359,3.0705E+16,1,37.25932329,0,13,0,0,0,0,0,0,0,0,0,0,2,1,1,1,0,17488,6
86,10.79277637,3.07051E+16,16,37.14454149,0,0,0,0,0,0,0,0,0,0,0,0,0,0,0,0,1,10206.55566,16
87,10.79277637,3.07051E+16,16,37.14454149,0,0,0,0,0,0,0,0,0,0,0,0,1,1,0,0,1,14211.64648,16
88,10.79277637,3.07051E+16,16,37.14454149,0,5,0,0,0,0,0,0,0,0,0,0,0,0,0,0,1,17263.64648,16
89,10.79277637,3.07051E+16,16,37.14454149,0,0,0,0,0,0,0,0,0,0,0,0,0,0,0,0,1,6917,16
90,10.79277637,3.07051E+16,16,37.14454149,0,0,0,0,0,0,0,0,0,0,0,0,0,0,0,0,1,14186.70508,16
91,10.79277637,3.07051E+16,16,37.14454149,0,0,0,0,0,0,0,0,0,0,0,0,1,1,0,0,1,15376.70508,16
92,10.79277637,3.07051E+16,15,37.14454149,60,0,0,0,0,0,0,0,0,0,0,0,1,1,0,0,1,13302.26465,16
93,10.79277637,3.07051E+16,16,37.14454149,0,0,0,0,0,0,0,0,0,0,0,0,0,0,0,0,1,7029.364258,16
94,10.79277637,3.07051E+16,16,37.14454149,0,0,0,0,0,0,0,0,0,0,0,0,0,0,0,0,1,6173.763184,16
95,10.79277637,3.07051E+16,14,37.14454149,0,0,0,0,0,0,0,0,0,0,0,0,0,0,0,0,1,14919.83594,16
96,10.79277637,3.07051E+16,15,37.14454149,0,6,0,0,0,0,0,0,0,0,0,0,0,0,0,0,1,21317.06641,16
97,10.79277637,3.07051E+16,15,37.14454149,0,0,0,0,0,0,0,0,0,0,0,0,0,0,0,0,1,9315.703125,16
98,10.86365179,3.0604E+16,84,38.24878324,0,13,0,0,0,0,0,0,1,1,0,0,1,1,0,0,0,9729.708008,32
99,10.86365179,3.0604E+16,84,38.24878324,0,13,0,0,0,0,0,0,0,0,0,0,2,1,0,0,1,15888,32
100,10.86365179,3.0604E+16,84,38.24878324,90,0,0,0,0,0,0,0,0,0,0,0,0,0,0,0,0,6051.496094,32
101,10.86365179,3.0604E+16,84,38.24878324,0,13,0,0,0,0,0,0,1,1,0,0,1,1,1,1,1,26563,32
102,10.86365179,3.0604E+16,84,38.24878324,0,11,0,0,0,0,0,0,0,0,0,0,2,1,0,0,1,16929.81641,32
103,10.86365179,3.0604E+16,84,38.24878324,0,0,0,0,0,0,0,0,0,0,0,0,2,1,0,0,1,10465.7998,32
104,10.86365179,3.0604E+16,84,38.24878324,0,13,0,0,0,0,0,0,1,1,0,0,1,1,1,1,1,45035,32
105,10.86365179,3.0604E+16,85,38.24878324,0,11,0,0,0,0,0,0,0,0,0,0,1,1,0,0,0,5129.312988,32
106,10.86365179,3.0604E+16,84,38.24878324,0,0,0,0,0,0,0,0,0,0,0,0,2,1,0,0,1,12672,32
107,10.86365179,3.0604E+16,84,38.24878324,0,13,0,0,0,0,0,0,0,0,0,0,1,1,0,0,0,19092,32
108,10.86365179,3.0604E+16,84,38.24878324,0,13,0,0,0,0,0,0,0,0,0,0,1,1,0,0,0,8458.34375,32
109,10.86365179,3.0604E+16,84,38.24878324,0,0,0,0,0,0,0,0,0,0,0,0,0,0,0,0,0,7720,32
110,10.90704598,3.06021E+16,71,38.0365175,0,0,0,0,0,0,0,0,0,0,0,0,0,0,0,0,1,4018,14
111,10.90704598,3.06021E+16,71,38.0365175,0,0,0,0,0,0,0,0,0,0,0,0,0,0,0,0,0,16191.38281,14
112,10.90704598,3.06021E+16,71,38.0365175,0,0,0,0,0,0,0,0,0,0,0,0,0,0,0,0,1,17389.14844,14
113,10.90704598,3.06021E+16,71,38.0365175,0,0,0,0,0,0,0,0,0,0,0,0,1,1,0,0,0,6805.428711,14
114,10.90704598,3.06021E+16,71,38.0365175,0,0,0,0,0,0,0,0,0,0,0,0,0,0,0,0,1,36364.76953,14
115,10.90704598,3.06021E+16,70,38.0365175,0,5,0,0,0,0,0,0,0,0,0,0,0,0,0,0,0,7685,14
116,10.90704598,3.06021E+16,70,38.0365175,0,0,0,0,0,0,0,0,0,0,0,0,0,0,0,0,1,7583.096191,14
117,10.90704598,3.06021E+16,70,38.0365175,0,0,0,0,0,0,0,0,0,0,0,0,2,1,0,0,1,11039.14258,14
118,10.90704598,3.06021E+16,70,38.0365175,0,0,0,0,0,0,0,0,0,0,0,0,0,0,0,0,1,7488.852539,14
119,10.90704598,3.06021E+16,70,38.0365175,0,0,0,0,0,0,0,0,0,0,0,0,0,0,0,0,1,37936.125,14
120,10.90704598,3.06021E+16,69,38.0365175,0,0,0,0,0,0,0,0,0,0,0,0,0,0,0,0,1,8896.428711,14
121,10.90704598,3.06021E+16,70,38.0365175,0,0,0,0,0,0,0,0,0,0,0,0,0,0,0,0,1,40741.24219,14
122,10.95519454,3.06041E+16,88,38.28469651,0,0,0,0,0,0,0,0,0,0,0,0,0,0,0,0,1,19815,3
123,10.95519454,3.06041E+16,85,38.28469651,0,0,0,0,0,0,0,0,0,0,0,0,1,1,0,0,1,10439.58008,3
124,10.95519454,3.06041E+16,88,38.28469651,0,0,0,0,0,0,0,0,0,0,0,0,1,1,0,0,1,14538.43945,3
125,10.95519454,3.06041E+16,88,38.28469651,0,4,0,0,0,0,0,0,0,0,0,0,1,1,0,0,1,15856.28613,3
126,10.95519454,3.06041E+16,88,38.28469651,30,0,0,0,0,0,0,0,0,0,0,0,0,0,0,0,1,11025.40039,3
127,10.95519454,3.06041E+16,87,38.28469651,0,0,0,0,0,0,0,0,0,0,0,0,0,0,0,0,1,13719,3
128,10.95519454,3.06041E+16,87,38.28469651,0,7,0,0,0,0,0,0,0,0,0,0,1,1,0,0,1,9609.359375,3
129,10.95519454,3.06041E+16,90,38.28469651,0,0,0,0,0,0,0,0,0,0,0,0,0,0,0,0,1,19101.17578,3
130,10.95519454,3.06041E+16,89,38.28469651,40,0,0,0,0,0,0,0,0,0,0,0,0,0,0,0,1,10154,3
131,10.95519454,3.06041E+16,89,38.28469651,0,0,0,0,0,0,0,0,0,0,0,0,0,0,0,0,1,10378,3
132,10.95519454,3.06041E+16,89,38.28469651,0,0,0,0,0,0,0,0,0,0,0,0,0,0,0,0,1,10290,3
133,10.95519454,3.06041E+16,89,38.28469651,80,0,0,0,0,0,0,0,0,0,0,0,1,1,0,0,1,25945,3
134,10.96861006,3.0705E+16,33,37.1784774,0,0,0,0,0,0,0,0,0,0,0,0,1,1,0,0,1,17840,36
135,10.96861006,3.0705E+16,33,37.1784774,0,5,0,0,0,0,0,0,1,1,0,0,1,1,0,0,1,15950,36
136,10.96861006,3.0705E+16,33,37.1784774,0,10,0,0,0,0,0,0,0,0,0,0,2,1,1,1,1,15026,36
137,10.96861006,3.0705E+16,33,37.1784774,0,8,0,0,0,0,0,0,0,0,0,0,2,1,1,1,1,11318,36
138,10.96861006,3.0705E+16,33,37.1784774,0,11,0,0,0,0,0,0,0,0,0,0,2,1,1,1,1,26776,36
139,10.96861006,3.0705E+16,34,37.1784774,0,13,0,0,0,0,0,0,0,0,0,0,4,1,1,1,1,52681,36
140,10.96861006,3.0705E+16,34,37.1784774,0,7,0,0,0,0,0,0,1,1,0,0,1,1,1,1,1,12521,36
141,10.96861006,3.0705E+16,33,37.1784774,0,0,0,0,0,0,0,0,0,0,0,0,1,1,0,0,1,18984,36
142,10.96861006,3.0705E+16,33,37.1784774,0,0,0,0,0,0,0,0,0,0,0,0,1,1,0,0,1,11921,36
143,10.96861006,3.0705E+16,34,37.1784774,0,11,0,0,0,0,0,0,0,0,0,0,1,1,0,0,1,5548,36
144,11.06366245,3.09051E+16,40,37.07037898,0,0,0,0,0,0,0,0,0,0,0,0,0,0,0,0,1,10129.23828,13
145,11.06366245,3.09051E+16,41,37.07037898,0,0,0,0,0,0,0,0,0,0,0,0,0,0,0,0,1,10596.26758,13
146,11.06366245,3.09051E+16,39,37.07037898,0,0,0,0,0,0,0,0,0,0,0,0,0,0,0,0,1,5274.959961,13
147,11.06366245,3.09051E+16,41,37.07037898,0,0,0,0,0,0,0,0,0,0,0,0,0,0,0,0,1,15084.17871,13
148,11.06366245,3.09051E+16,40,37.07037898,0,0,0,0,0,0,0,0,0,0,0,0,0,0,0,0,1,21083.29297,13
149,11.06366245,3.09051E+16,41,37.07037898,0,0,0,0,0,0,0,0,0,0,0,0,0,0,0,0,1,20993.70508,13
150,11.06366245,3.09051E+16,41,37.07037898,0,0,0,0,0,0,0,0,0,0,0,0,0,0,0,0,1,21574.83008,13
151,11.06366245,3.09051E+16,38,37.07037898,0,0,0,0,0,0,0,0,0,0,0,0,0,0,0,0,0,3068.79248,13
152,11.06366245,3.09051E+16,40,37.07037898,0,0,0,0,0,0,0,0,0,0,0,0,1,1,0,0,1,25901.49609,13
153,11.06366245,3.09051E+16,39,37.07037898,0,0,0,0,0,0,0,0,0,0,0,0,1,1,0,0,1,12630.24219,13
154,11.06366245,3.09051E+16,39,37.07037898,0,0,0,0,0,0,0,0,0,0,0,0,0,0,0,0,1,5559.719727,13
155,11.23857324,3.02071E+16,107,38.31134088,0,0,0,0,0,0,0,0,0,0,0,0,0,0,0,0,0,35228.48438,19
156,11.23857324,3.02071E+16,108,38.31134088,0,0,0,0,0,0,0,0,0,0,0,0,1,1,0,0,0,22686.01172,19
157,11.23857324,3.02071E+16,107,38.31134088,0,0,0,0,0,0,0,0,0,0,0,0,0,0,0,0,1,57021.95703,19
158,11.23857324,3.02071E+16,108,38.31134088,0,0,0,0,0,0,0,0,0,0,0,0,0,0,0,0,1,5475,19
159,11.23857324,3.02071E+16,105,38.31134088,0,0,0,0,0,0,0,0,0,0,0,0,0,0,0,0,0,2724.066895,19
160,11.23857324,3.02071E+16,107,38.31134088,0,0,0,0,0,0,0,0,0,0,0,0,0,0,0,0,1,66601.53125,19
161,11.23857324,3.02071E+16,107,38.31134088,0,0,0,0,0,0,0,0,0,0,0,0,0,0,0,0,1,11498.01953,19
162,11.23857324,3.02071E+16,107,38.31134088,300,0,0,0,0,0,0,0,0,0,0,0,1,1,0,0,1,32278.06055,19
163,11.23857324,3.02071E+16,107,38.31134088,420,0,0,0,0,0,0,0,0,0,0,0,0,0,0,0,1,48176.36719,19
164,11.23857324,3.02071E+16,107,38.31134088,15,0,0,0,0,0,0,0,0,0,0,0,1,1,0,0,1,43822.4375,19
165,11.28282106,3.07131E+16,56,36.95968793,0,0,0,0,0,0,0,0,0,0,0,0,0,0,0,0,1,16700.47656,28
166,11.28282106,3.07131E+16,56,36.95968793,0,0,0,0,0,0,0,0,0,0,0,0,1,1,0,0,1,15202.29883,28
167,11.28282106,3.07131E+16,55,36.95968793,0,0,0,0,0,0,0,0,0,0,0,0,0,0,0,0,1,12555.47754,28
168,11.28282106,3.07131E+16,55,36.95968793,120,0,0,0,0,0,0,0,0,0,0,0,0,0,0,0,1,19323.8457,28
169,11.28282106,3.07131E+16,56,36.95968793,30,0,0,0,0,0,0,0,0,0,0,0,1,1,0,0,1,30747.8457,28
170,11.28282106,3.07131E+16,55,36.95968793,0,0,0,0,0,0,0,0,0,0,0,0,1,1,0,0,1,17727.05859,28
171,11.28282106,3.07131E+16,56,36.95968793,0,0,0,0,0,0,0,0,0,0,0,0,0,0,0,0,1,9762.219727,28
172,11.28282106,3.07131E+16,55,36.95968793,0,0,0,0,0,0,0,0,0,0,0,0,0,0,0,0,1,26056.59766,28
173,11.28282106,3.07131E+16,56,36.95968793,190,0,0,0,0,0,0,0,0,0,0,0,1,1,0,0,1,32011.12109,28
174,11.35088737,3.01141E+16,93,38.22712493,0,0,0,0,0,0,0,0,0,0,0,0,1,1,0,0,0,23476.06641,10
175,11.37447512,3.07031E+16,27,37.4523245,10,0,0,0,0,0,0,0,0,0,0,0,0,0,0,0,0,31032.42969,18
176,11.37447512,3.07031E+16,27,37.4523245,30,0,0,0,0,0,0,0,0,0,0,0,0,0,0,0,0,36193.38281,18
177,11.37447512,3.07031E+16,27,37.4523245,20,0,0,0,0,0,0,0,0,0,0,0,0,0,0,0,1,38552.14453,18
178,11.37447512,3.07031E+16,27,37.4523245,20,0,0,0,0,0,0,0,0,0,0,0,1,1,0,0,1,56110.64844,18
179,11.37447512,3.07031E+16,28,37.4523245,35,0,0,0,0,0,0,0,0,0,0,0,0,0,0,0,1,46810.53125,18
180,11.37447512,3.07031E+16,27,37.4523245,25,0,0,0,0,0,0,0,0,0,0,0,0,0,0,0,1,46786.53516,18
181,11.37447512,3.07031E+16,28,37.4523245,20,0,0,0,0,0,0,0,0,0,0,0,1,1,0,0,1,21578.48438,18
182,11.37447512,3.07031E+16,27,37.4523245,30,0,0,0,0,0,0,0,0,0,0,0,0,0,0,0,1,30451.42969,18
183,11.37447512,3.07031E+16,27,37.4523245,0,0,0,0,0,0,0,0,0,0,0,0,0,0,0,0,1,3191.552002,18
184,11.37447512,3.07031E+16,27,37.4523245,15,0,0,0,0,0,0,0,0,0,0,0,0,0,0,0,1,16839.5625,18
185,11.37447512,3.07031E+16,27,37.4523245,60,0,0,0,0,0,0,0,0,0,0,0,0,0,0,0,1,16796.75977,18
186,11.37722014,3.02071E+16,99,38.27801868,0,13,0,0,0,0,0,0,0,0,0,0,0,0,0,0,0,8668,15
187,11.39627432,3.07041E+16,44,37.04261626,0,0,0,0,0,0,0,0,0,0,0,0,1,1,0,0,1,16793.47656,30
188,11.39627432,3.07041E+16,43,37.04261626,0,0,0,0,0,0,0,0,0,0,0,0,0,0,0,0,1,16327.47754,30
189,11.39627432,3.07041E+16,45,37.04261626,0,5,0,0,0,0,0,0,0,0,1,1,1,1,1,1,1,57881,30
190,11.39627432,3.07041E+16,43,37.04261626,0,0,0,0,0,0,0,0,0,0,0,0,1,1,0,0,1,18229.69141,30
191,11.39627432,3.07041E+16,43,37.04261626,0,0,0,0,0,0,0,0,0,0,0,0,2,1,0,0,1,24502.7168,30
192,11.39627432,3.07041E+16,42,37.04261626,0,0,0,0,0,0,0,0,0,0,0,0,1,1,0,0,1,13005.47754,30
193,11.39627432,3.07041E+16,43,37.04261626,0,7,0,0,0,0,0,0,0,0,0,0,1,1,0,0,1,16907.23828,30
194,11.39627432,3.07041E+16,43,37.04261626,0,0,0,0,0,0,0,0,0,0,0,0,0,0,0,0,1,21850.89453,30
195,11.39627432,3.07041E+16,42,37.04261626,0,0,0,0,0,0,0,0,0,0,0,0,1,1,0,0,1,20312.95313,30
196,11.39627432,3.07041E+16,43,37.04261626,0,0,0,0,0,0,0,0,0,0,0,0,1,1,0,0,1,15858.47754,30
197,11.39627432,3.07041E+16,43,37.04261626,80,0,0,0,0,0,0,0,0,0,0,0,1,1,0,0,1,13220.40527,30
198,11.39627432,3.07041E+16,43,37.04261626,0,4,0,0,0,0,0,0,0,0,0,0,1,1,0,0,1,13246.23828,30
199,11.40681936,3.0207E+16,95,38.23929378,0,0,0,0,0,0,0,0,0,0,0,0,1,1,0,0,1,20715,12
200,11.40681936,3.0207E+16,95,38.23929378,0,0,0,0,0,0,0,0,0,0,0,0,1,1,1,1,1,30314,12
201,11.40681936,3.0207E+16,94,38.23929378,0,6,0,0,0,0,0,0,0,0,1,1,2,1,2,1,1,27914,12
202,11.40681936,3.0207E+16,95,38.23929378,0,0,0,0,0,0,0,0,0,0,0,0,2,1,0,0,1,7387,12
203,11.40681936,3.0207E+16,95,38.23929378,0,13,0,0,0,0,0,0,2,1,0,0,1,1,1,1,1,17599,12
204,11.40681936,3.0207E+16,95,38.23929378,0,0,0,0,0,0,0,0,0,0,0,0,2,1,0,0,1,13508,12
205,11.40681936,3.0207E+16,95,38.23929378,0,0,0,0,0,0,0,0,0,0,0,0,1,1,0,0,1,10464,12
206,11.40681936,3.0207E+16,94,38.23929378,0,0,0,0,0,0,0,0,0,0,0,0,1,1,0,0,1,11426,12
207,11.40681936,3.0207E+16,95,38.23929378,0,13,0,0,0,0,0,0,1,1,0,0,1,1,0,0,0,18493,12
208,11.40681936,3.0207E+16,95,38.23929378,0,0,0,0,0,0,0,0,0,0,0,0,2,1,1,1,1,12654,12
209,11.40681936,3.0207E+16,95,38.23929378,0,13,0,0,0,0,0,0,1,1,0,0,1,1,1,1,0,20040,12
210,11.40681936,3.0207E+16,95,38.23929378,0,13,0,0,0,0,0,0,0,0,0,0,3,1,1,1,1,44568,12
211,11.40681936,3.0207E+16,95,38.23929378,0,6,0,0,0,0,0,0,0,0,0,0,2,1,1,1,1,18302,12
212,11.40681936,3.0207E+16,95,38.23929378,0,0,0,0,0,0,0,0,0,0,0,0,1,1,0,0,0,7459.418945,12
213,11.40681936,3.0207E+16,95,38.23929378,0,13,0,0,0,0,0,0,0,0,0,0,2,1,1,1,1,34167,12
214,11.57631951,3.1101E+16,2,37.3667248,0,13,1,1,0,0,0,0,2,1,1,1,2,1,1,1,1,67404,21
215,11.57631951,3.1101E+16,5,37.3667248,0,13,0,0,0,0,0,0,0,0,1,1,2,1,1,1,0,61208,21
216,11.57631951,3.1101E+16,2,37.3667248,0,13,0,0,2,1,0,0,0,0,1,1,3,1,1,1,1,72442,21
217,11.57631951,3.1101E+16,2,37.3667248,0,13,0,0,0,0,0,0,0,0,1,1,1,1,1,1,1,27520,21
218,11.57631951,3.1101E+16,3,37.3667248,15,0,0,0,0,0,0,0,0,0,0,0,3,1,1,1,0,75084,21
219,11.57631951,3.1101E+16,3,37.3667248,0,13,0,0,1,1,0,0,0,0,1,1,3,1,1,1,1,54524,21
220,11.57631951,3.1101E+16,3,37.3667248,0,8,0,0,0,0,0,0,0,0,1,1,1,1,1,1,0,30606,21
221,11.57631951,3.1101E+16,3,37.3667248,0,13,0,0,0,0,0,0,1,1,0,0,2,1,0,0,0,24840,21
222,11.57631951,3.1101E+16,3,37.3667248,0,13,0,0,0,0,0,0,0,0,1,1,4,1,1,1,1,70588,21
223,11.57631951,3.1101E+16,3,37.3667248,0,13,0,0,0,0,0,0,0,0,1,1,2,1,1,1,0,41974,21
224,11.57631951,3.1101E+16,2,37.3667248,0,13,1,1,0,0,0,0,0,0,1,1,1,1,1,1,1,74610,21
225,11.57631951,3.1101E+16,3,37.3667248,0,13,0,0,0,0,0,0,0,0,1,1,1,1,1,1,1,37733,21
226,11.57631951,3.1101E+16,2,37.3667248,0,13,0,0,0,0,0,0,0,0,1,1,2,1,1,1,0,22124,21
227,11.57631951,3.1101E+16,3,37.3667248,0,13,0,0,0,0,0,0,0,0,1,1,3,1,1,1,1,32240,21
228,11.58342751,3.1101E+16,2,37.4126559,0,9,0,0,0,0,0,0,0,0,0,0,1,1,1,1,0,9621,24
229,11.58342751,3.1101E+16,2,37.4126559,0,4,0,0,0,0,0,0,0,0,0,0,0,0,0,0,1,8662,24
230,11.58342751,3.1101E+16,2,37.4126559,0,9,0,0,0,0,0,0,0,0,0,0,2,1,0,0,0,27616,24
231,11.58342751,3.1101E+16,2,37.4126559,0,13,0,0,0,0,0,0,0,0,1,1,2,1,1,1,1,43752,24
232,11.58342751,3.1101E+16,2,37.4126559,0,11,0,0,1,1,0,0,0,0,0,0,2,1,1,1,1,17003,24
233,11.58342751,3.1101E+16,2,37.4126559,0,13,0,0,0,0,0,0,0,0,0,0,2,1,1,1,1,50991,24
234,11.58342751,3.1101E+16,2,37.4126559,0,0,0,0,0,0,0,0,0,0,0,0,1,1,1,1,1,23855,24
235,11.58342751,3.1101E+16,2,37.4126559,0,6,0,0,0,0,0,0,0,0,0,0,3,1,0,0,1,27209,24
236,11.58342751,3.1101E+16,2,37.4126559,0,13,0,0,0,0,0,0,0,0,0,0,2,1,1,1,0,28090,24
237,11.58342751,3.1101E+16,2,37.4126559,0,13,0,0,0,0,0,0,0,0,0,0,2,1,0,0,0,19472,24
238,11.58342751,3.1101E+16,2,37.4126559,0,8,0,0,0,0,0,0,0,0,0,0,1,1,0,0,0,9784,24
239,11.58960691,3.1101E+16,2,37.3720338,0,13,0,0,0,0,0,0,0,0,1,1,1,1,1,1,0,14742,25
240,11.58960691,3.1101E+16,12,37.3720338,0,13,1,1,0,0,0,0,2,1,1,1,1,1,1,1,0,506436,25
241,11.58960691,3.1101E+16,1,37.3720338,0,11,0,0,0,0,0,0,1,1,0,0,1,1,1,1,0,14076,25
242,11.58960691,3.1101E+16,2,37.3720338,0,0,0,0,0,0,0,0,0,0,0,0,1,1,0,0,0,12914,25
243,11.58960691,3.1101E+16,2,37.3720338,0,0,0,0,1,1,0,0,0,0,1,1,5,1,1,1,1,72044,25
244,11.58960691,3.1101E+16,2,37.3720338,0,0,0,0,0,0,0,0,0,0,0,0,2,1,0,0,0,16237,25
245,11.58960691,3.1101E+16,2,37.3720338,0,4,0,0,1,1,0,0,0,0,1,1,6,1,1,1,0,94405,25
246,11.58960691,3.1101E+16,2,37.3720338,0,13,0,0,0,0,0,0,0,0,1,1,3,1,1,1,1,113776,25
247,11.58960691,3.1101E+16,3,37.3720338,0,13,0,0,0,0,0,0,1,1,0,0,1,1,0,0,0,8093,25
248,11.58960691,3.1101E+16,2,37.3720338,0,5,0,0,1,1,0,0,0,0,0,0,3,1,1,1,1,40248,25
249,11.58960691,3.1101E+16,5,37.3720338,0,13,0,0,1,1,0,0,0,0,1,1,3,1,1,1,1,36710,25
250,11.58960691,3.1101E+16,2,37.3720338,0,13,0,0,1,1,0,0,0,0,2,1,2,1,1,1,1,43622,25
251,11.58960691,3.1101E+16,2,37.3720338,0,13,0,0,1,1,0,0,1,1,1,1,2,1,1,1,1,53508,25
252,11.61293246,3.07031E+16,4,37.32105222,0,6,0,0,0,0,0,0,0,0,0,0,2,1,0,0,0,15519,9
253,11.61589194,3.02091E+16,9,37.46262557,0,0,0,0,0,0,0,0,0,0,0,0,2,1,0,0,0,8019.572266,23
254,11.64543988,3.02051E+16,115,38.4188571,0,0,0,0,0,0,0,0,0,0,0,0,0,0,0,0,1,17959.36523,2
255,11.64543988,3.02051E+16,114,38.4188571,0,0,0,0,0,0,0,0,0,0,0,0,0,0,0,0,1,8069.975098,2
256,11.64543988,3.02051E+16,114,38.4188571,75,0,0,0,0,0,0,0,0,0,0,0,0,0,0,0,1,15222.63379,2
257,11.64543988,3.02051E+16,114,38.4188571,0,0,0,0,0,0,0,0,0,0,0,0,0,0,0,0,1,20845.26758,2
258,11.64543988,3.02051E+16,114,38.4188571,0,0,0,0,0,0,0,0,0,0,0,0,0,0,0,0,1,16263.55859,2
259,11.64543988,3.02051E+16,115,38.4188571,0,0,0,0,0,0,0,0,0,0,0,0,0,0,0,0,1,18794,2
260,11.64543988,3.02051E+16,114,38.4188571,30,0,0,0,0,0,0,0,0,0,0,0,0,0,0,0,1,18295.07422,2
261,11.64543988,3.02051E+16,114,38.4188571,85,0,0,0,0,0,0,0,0,0,0,0,1,1,0,0,1,16760.23828,2
262,11.64543988,3.02051E+16,115,38.4188571,45,0,0,0,0,0,0,0,0,0,0,0,0,0,0,0,1,20313.32227,2
263,11.64543988,3.02051E+16,116,38.4188571,75,0,0,0,0,0,0,0,0,0,0,0,0,0,0,0,1,9566.316406,2
264,11.64543988,3.02051E+16,114,38.4188571,0,0,0,0,0,0,0,0,0,0,0,0,0,0,0,0,1,3833.658447,2
265,11.65147082,3.07011E+16,32,37.10328125,0,0,0,0,0,0,0,0,0,0,0,0,0,0,0,0,0,18411.41797,1
266,11.65147082,3.07011E+16,33,37.10328125,120,0,0,0,0,0,0,0,0,0,0,0,0,0,0,0,0,17498.19336,1
267,11.65147082,3.07011E+16,32,37.10328125,0,0,0,0,0,0,0,0,0,0,0,0,0,0,0,0,0,5416.59668,1
268,11.65147082,3.07011E+16,32,37.10328125,0,0,0,0,0,0,0,0,0,0,0,0,0,0,0,0,1,15039.7168,1
269,11.65147082,3.07011E+16,32,37.10328125,0,0,0,0,0,0,0,0,0,0,0,0,0,0,0,0,1,6616.791992,1
270,11.65147082,3.07011E+16,32,37.10328125,0,0,0,0,0,0,0,0,0,0,0,0,0,0,0,0,1,4795.895996,1
271,11.65147082,3.07011E+16,32,37.10328125,0,0,0,0,0,0,0,0,0,0,0,0,0,0,0,0,1,10157.7168,1
272,11.65147082,3.07011E+16,32,37.10328125,260,0,0,0,0,0,0,0,0,0,0,0,0,0,0,0,1,7554,1
273,11.65147082,3.07011E+16,32,37.10328125,0,0,0,0,0,0,0,0,0,0,0,0,0,0,0,0,1,10826.47754,1
274,11.65147082,3.07011E+16,33,37.10328125,0,0,0,0,0,0,0,0,0,0,0,0,0,0,0,0,1,18764.7832,1
275,11.65147082,3.07011E+16,33,37.10328125,0,0,0,0,0,0,0,0,0,0,0,0,0,0,0,0,1,12131.59668,1
276,11.65147082,3.07011E+16,32,37.10328125,0,0,0,0,0,0,0,0,0,0,0,0,0,0,0,0,0,4488.895996,1
277,11.68907213,3.02091E+16,26,37.60745506,0,0,0,0,0,0,0,0,0,0,0,0,0,0,0,0,0,15857.91113,20
278,11.68907213,3.02091E+16,26,37.60745506,0,0,0,0,0,0,0,0,0,0,0,0,0,0,0,0,1,7160.889648,20
279,11.68907213,3.02091E+16,26,37.60745506,50,0,0,0,0,0,0,0,0,0,0,0,0,0,0,0,0,11717.18945,20
280,11.68907213,3.02091E+16,26,37.60745506,0,0,0,0,0,0,0,0,0,0,0,0,0,0,0,0,0,14129.28613,20
281,11.68907213,3.02091E+16,26,37.60745506,0,0,0,0,0,0,0,0,0,0,0,0,1,1,0,0,1,14906.9834,20
282,11.68907213,3.02091E+16,26,37.60745506,0,0,0,0,0,0,0,0,0,0,0,0,0,0,0,0,0,18288.23047,20
283,11.68907213,3.02091E+16,26,37.60745506,0,0,0,0,0,0,0,0,0,0,0,0,0,0,0,0,0,5979.171387,20
284,11.68907213,3.02091E+16,26,37.60745506,0,0,0,0,0,0,0,0,0,0,0,0,0,0,0,0,0,5301.619141,20
285,11.68907213,3.02091E+16,26,37.60745506,0,0,0,0,0,0,0,0,0,0,0,0,0,0,0,0,0,17848.7793,20
286,11.68907213,3.02091E+16,24,37.60745506,0,0,0,0,0,0,0,0,0,0,0,0,0,0,0,0,0,14931.12793,20
287,11.78694712,3.0209E+16,29,37.59080303,0,13,0,0,0,0,0,0,0,0,5,1,0,0,1,1,1,33212.66406,7
288,11.78694712,3.0209E+16,29,37.59080303,0,13,0,0,0,0,0,0,0,0,0,0,0,0,0,0,1,43820,7
289,11.78694712,3.0209E+16,29,37.59080303,0,0,2,1,0,0,0,0,0,0,0,0,1,1,1,1,1,12195.8457,7
290,11.78694712,3.0209E+16,29,37.59080303,0,0,0,0,0,0,0,0,0,0,0,0,1,1,0,0,1,23329,7
291,11.78694712,3.0209E+16,29,37.59080303,0,13,0,0,0,0,0,0,0,0,0,0,1,1,0,0,1,3199.199951,7
292,11.78694712,3.0209E+16,29,37.59080303,0,0,1,1,1,1,0,0,0,0,1,1,3,1,1,1,1,24354,7
293,11.78694712,3.0209E+16,29,37.59080303,0,0,0,0,0,0,0,0,0,0,0,0,1,1,1,1,0,23486,7
294,11.78694712,3.0209E+16,29,37.59080303,0,13,0,0,0,0,0,0,1,1,0,0,1,1,1,1,0,6726,7
295,11.81764451,3.02041E+16,88,38.16022578,15,0,0,0,0,0,0,0,0,0,0,0,0,0,0,0,1,7564.573242,4
296,11.81764451,3.02041E+16,90,38.16022578,0,0,0,0,0,0,0,0,0,0,0,0,0,0,0,0,1,5149,4
297,11.81764451,3.02041E+16,88,38.16022578,0,6,0,0,0,0,0,0,0,0,0,0,0,0,0,0,0,5836.791992,4
298,11.81764451,3.02041E+16,90,38.16022578,15,0,0,0,0,0,0,0,0,0,0,0,0,0,0,0,1,12292.45898,4
299,11.81764451,3.02041E+16,90,38.16022578,40,0,0,0,0,0,0,0,0,0,0,0,1,1,0,0,1,13763.41797,4
300,11.81764451,3.02041E+16,90,38.16022578,10,0,0,0,0,0,0,0,0,0,0,0,1,1,0,0,1,15147.13086,4
301,11.81764451,3.02041E+16,90,38.16022578,0,0,0,0,0,0,0,0,0,0,0,0,0,0,0,0,1,9247.438477,4
302,11.81764451,3.02041E+16,90,38.16022578,30,0,0,0,0,0,0,0,0,0,0,0,0,0,0,0,1,15909.03906,4
303,11.81764451,3.02041E+16,89,38.16022578,30,0,0,0,0,0,0,0,0,0,0,0,0,0,0,0,1,14825.03906,4
304,11.81764451,3.02041E+16,89,38.16022578,0,0,0,0,0,0,0,0,0,0,0,0,0,0,0,0,1,20576.27148,4
305,11.81764451,3.02041E+16,89,38.16022578,0,0,0,0,0,0,0,0,0,0,0,0,0,0,0,0,1,9206.379883,4
306,11.81764451,3.02041E+16,94,38.16022578,0,3,0,0,0,0,0,0,0,0,0,0,2,1,0,0,1,15879,4
307,12.04982339,3.02021E+16,68,37.80032376,0,0,0,0,0,0,0,0,0,0,0,0,1,1,0,0,1,26126.4707,34
308,12.04982339,3.02021E+16,69,37.80032376,50,0,0,0,0,0,0,0,0,0,0,0,1,1,0,0,0,12317.2832,34
309,12.04982339,3.02021E+16,68,37.80032376,15,0,0,0,0,0,0,0,0,0,0,0,0,0,0,0,1,16415.17188,34
310,12.04982339,3.02021E+16,68,37.80032376,0,8,0,0,0,0,0,0,0,0,0,0,1,1,0,0,1,23714.26367,34
311,12.04982339,3.02021E+16,68,37.80032376,60,0,0,0,0,0,0,0,0,0,0,0,0,0,0,0,1,14660.25,34
312,12.04982339,3.02021E+16,68,37.80032376,45,0,0,0,0,0,0,0,0,0,0,0,1,1,0,0,0,10633.91406,34
313,12.04982339,3.02021E+16,67,37.80032376,60,0,0,0,0,0,0,0,0,0,0,0,0,0,0,0,1,7901.75,34
314,12.04982339,3.02021E+16,68,37.80032376,10,0,0,0,0,0,0,0,0,0,0,0,0,0,0,0,1,14861.28711,34
315,12.04982339,3.02021E+16,67,37.80032376,0,0,0,0,0,0,0,0,0,0,0,0,1,1,0,0,1,43526.94922,34
316,12.04982339,3.02021E+16,68,37.80032376,120,0,0,0,0,0,0,0,0,0,2,1,1,1,0,0,1,11099.5,34
317,12.04982339,3.02021E+16,68,37.80032376,10,0,0,0,0,0,0,0,0,0,0,0,1,1,0,0,1,12139.19727,34
318,12.30598789,3.01161E+16,51,37.83801338,0,8,0,0,0,0,0,0,0,0,0,0,0,0,0,0,1,19132.38281,26
319,12.30598789,3.01161E+16,51,37.83801338,130,3,0,0,0,0,0,0,0,0,0,0,0,0,0,0,0,15080.45313,26
320,12.30598789,3.01161E+16,50,37.83801338,0,0,0,0,0,0,0,0,0,0,0,0,0,0,0,0,1,10343.78125,26
321,12.30598789,3.01161E+16,51,37.83801338,0,0,0,0,0,0,0,0,0,0,0,0,0,0,0,0,1,16836.24023,26
322,12.30598789,3.01161E+16,49,37.83801338,0,0,0,0,0,0,0,0,0,0,0,0,0,0,0,0,0,7161,26
323,12.30598789,3.01161E+16,50,37.83801338,0,0,0,0,0,0,0,0,0,0,0,0,0,0,0,0,1,23252.4668,26
324,12.30598789,3.01161E+16,51,37.83801338,0,0,0,0,0,0,0,0,0,0,0,0,0,0,0,0,1,18022.45313,26
325,12.30598789,3.01161E+16,50,37.83801338,0,0,0,0,0,0,0,0,0,0,0,0,0,0,0,0,0,10382,26
326,12.30598789,3.01161E+16,51,37.83801338,0,0,0,0,0,0,0,0,0,0,0,0,0,0,0,0,0,4515.764648,26
327,12.30598789,3.01161E+16,51,37.83801338,220,0,0,0,0,0,0,0,0,0,0,0,0,0,0,0,1,18825.08789,26
328,12.30598789,3.01161E+16,51,37.83801338,0,0,0,0,0,0,0,0,0,0,0,0,0,0,0,0,0,14870.4668,26
329,12.33849626,3.01101E+16,37,37.67502096,0,0,0,0,0,0,0,0,0,0,0,0,0,0,0,0,1,7042,29
330,12.33849626,3.01101E+16,37,37.67502096,30,0,0,0,0,0,0,0,0,0,0,0,2,1,0,0,1,17163.88477,29
331,12.33849626,3.01101E+16,36,37.67502096,120,0,0,0,0,0,0,0,0,0,0,0,0,0,0,0,1,10171.71484,29
332,12.33849626,3.01101E+16,36,37.67502096,0,0,0,0,0,0,0,0,0,0,0,0,0,0,0,0,1,3398,29
333,12.33849626,3.01101E+16,37,37.67502096,268,0,0,0,0,0,0,0,0,0,0,0,0,0,0,0,1,10138.8877,29
334,12.33849626,3.01101E+16,36,37.67502096,0,0,0,0,0,0,0,0,0,0,0,0,0,0,0,0,1,12117.7998,29
335,12.33849626,3.01101E+16,37,37.67502096,0,0,0,0,0,0,0,0,0,0,0,0,0,0,0,0,1,16896.06641,29
336,12.33849626,3.01101E+16,36,37.67502096,10,0,0,0,0,0,0,0,0,0,0,0,0,0,0,0,1,17559.98047,29
337,12.33849626,3.01101E+16,36,37.67502096,60,0,0,0,0,0,0,0,0,0,0,0,0,0,0,0,1,2581.546631,29
338,12.33849626,3.01101E+16,37,37.67502096,240,0,0,0,0,0,0,0,0,0,0,0,0,0,0,0,1,10088.90625,29
339,12.33849626,3.01101E+16,36,37.67502096,60,0,0,0,0,0,0,0,0,0,0,0,0,0,0,0,1,8212.295898,29
340,12.33849626,3.01101E+16,36,37.67502096,240,0,0,0,0,0,0,0,0,0,0,0,0,0,0,0,1,9541.354492,29
341,12.35629673,3.02011E+16,113,38.45244162,120,0,0,0,0,0,0,0,0,0,0,0,0,0,0,0,1,12358.51953,11
342,12.35629673,3.02011E+16,111,38.45244162,0,4,0,0,0,0,0,0,0,0,0,0,0,0,0,0,1,13219.84961,11
343,12.35629673,3.02011E+16,111,38.45244162,0,0,0,0,0,0,0,0,0,0,0,0,0,0,0,0,1,36721.71484,11
344,12.35629673,3.02011E+16,111,38.45244162,360,0,0,0,0,0,0,0,0,0,0,0,0,0,0,0,1,21604.91211,11
345,12.35629673,3.02011E+16,111,38.45244162,120,0,0,0,0,0,0,0,0,0,0,0,0,0,0,0,1,7865.519531,11
346,12.35629673,3.02011E+16,111,38.45244162,240,0,0,0,0,0,0,0,0,0,0,0,0,0,0,0,1,14431,11
347,12.35629673,3.02011E+16,111,38.45244162,0,0,0,0,0,0,0,0,0,0,0,0,0,0,0,0,1,12072.91992,11
348,12.35629673,3.02011E+16,111,38.45244162,0,0,0,0,0,0,0,0,0,0,0,0,0,0,0,0,1,7726.519531,11
