X,Y,id
235407.4115,1269961.237,1
317739.577,1246357.778,10
388893.3502,1163108.764,100
385986.8196,1325361.415,1000
413878.7013,1340653.218,1001
390747.0723,1330097.11,1002
429864.5867,1289891.471,1003
413162.1914,1339015.559,1004
409485.452,1336880.072,1005
407302.3766,1337281.574,1006
411714.4819,1349366.897,1007
411653.5019,1339843.449,1008
412479.7825,1337157.09,1009
396424.0554,1181944.845,101
452338.0864,1272616.32,1010
411054.1981,1347186.131,1011
431007.5905,1291285.288,1012
400601.8693,1304929.525,1013
416044.732,1342618.93,1014
455122.7015,1283121.565,1015
410002.5588,1347411.985,1016
447183.6552,1276331.892,1017
442049.8825,1277643.063,1018
413547.3619,1267690.878,1019
388644.514,1200646.057,102
450872.5202,1273478.513,1020
443850.0729,1278575.701,1021
413026.3605,1269906.408,1022
421805.4889,1279121.975,1023
441216.761,1272029.015,1024
437736.0708,1275595.185,1025
436088.3575,1270041.257,1026
451200.7108,1299198.005,1027
431995.1006,1271462.106,1028
391661.7655,1294337.551,1029
375584.1138,1240020.525,103
419477.0781,1317667.863,1030
424955.3902,1283207.073,1031
417312.5581,1347915.715,1032
426288.845,1279040.655,1033
419214.8094,1312840.454,1034
423971.2134,1284457.006,1035
424765.7126,1280485.47,1036
425990.7415,1280743.569,1037
414927.0653,1307710.197,1038
424471.0406,1329002.142,1039
387502.2458,1131774.562,104
420472.1599,1309095.773,1040
423066.9438,1283037.749,1041
417491.3595,1350540.752,1042
403003.9521,1345463.681,1043
407508.7089,1350618.526,1044
453061.7892,1297064.165,1045
415785.6683,1346195.306,1046
436522.8295,1325805.918,1047
425680.7874,1326568.198,1048
415984.3026,1317719.657,1049
402131.4722,1219972.789,105
418448.3165,1353404.568,1050
421884.3029,1333819.78,1051
428435.3513,1335196.131,1052
438146.6847,1320995.334,1053
429577.7417,1335679.12,1054
419314.0932,1346118.942,1055
423587.4037,1346056.308,1056
422918.2884,1340747.652,1057
418944.8661,1337120.214,1058
450621.9638,1292055.258,1059
404849.9934,1220244.08,106
453731.7087,1279928.471,1060
397513.256,1333845.524,1061
396004.4702,1336232.802,1062
453311.3796,1279149.788,1063
451829.3202,1287343.67,1064
450407.75,1281627.467,1065
455836.3771,1281020.816,1066
452964.2656,1284684.643,1067
393920.3637,1332184.65,1068
434991.2637,1287523.393,1069
405279.4639,1213220.744,107
398859.9794,1338488.153,1070
386199.0708,1317344.935,1071
396123.5522,1341433.367,1072
394463.6928,1341738.972,1073
388104.3396,1294260.446,1074
383313.5438,1297705.895,1075
436389.3933,1286276.972,1076
390935.4969,1334271.159,1077
439595.9677,1283855.709,1078
459388.4831,1263660.625,1079
439614.438,1148057.729,108
433759.112,1286314.764,1080
376812.3467,1352768.78,1081
443472.0299,1283755.356,1082
442513.5282,1281255.824,1083
453642.5632,1324545.743,1084
435494.0764,1288204.318,1085
457283.6906,1266990.231,1086
458475.5907,1279103.909,1087
463004.7668,1269182.105,1088
462340.2977,1268606.961,1089
406039.2032,1146743.962,109
430722.802,1343225.207,1090
458283.7567,1270342.254,1091
458248.9678,1272435.731,1092
458879.7749,1274707.796,1093
442697.377,1336713.585,1094
434449.4275,1340624.953,1095
456801.0663,1325540.253,1096
420666.9813,1358284.143,1097
452296.4691,1322299.103,1098
447949.5711,1331652.731,1099
331930.804,1273591.066,11
398893.9179,1146340.489,110
431703.3662,1341022.1,1100
404322.4876,1354964.271,1101
419893.1898,1350826.453,1102
420613.253,1352160.554,1103
371007.7995,1354282.478,1104
403681.7111,1350965.394,1105
400354.3997,1351339.908,1106
383812.7504,1351816.952,1107
375292.1584,1350176.021,1108
398462.296,1346878.748,1109
399037.5107,1146021.975,111
393593.3875,1345939.449,1110
374186.1989,1351930.974,1111
262959.9223,1270739.846,1112
366822.4751,1171014.168,1113
379622.2234,1350423.984,1114
389056.3665,1346173.861,1115
384601.1793,1344255.579,1116
391729.9988,1347247.211,1117
380501.6436,1348056.724,1118
372644.1768,1345091.3,1119
409639.3124,1143550.249,112
395424.1431,1347235.683,1120
384671.0618,1342706.668,1121
428081.7144,1343762.605,1122
325141.023,1275762.594,1123
434107.0873,1346751.834,1124
422672.9402,1348111.291,1125
426055.1715,1347836.399,1126
430054.8835,1351427.962,1127
376143.3341,1343836.177,1128
376463.7718,1344731.388,1129
425261.389,1142501.429,113
437435.0462,1349133.655,1130
387590.7178,1339717.283,1131
396761.5884,1339534.529,1132
379553.148,1326241.914,1133
425985.7342,1351641.384,1134
378429.9419,1329935.846,1135
406126.3054,1353826.144,1136
407819.9844,1352883.228,1137
393880.7508,1351128.8,1138
378749.7548,1322722.258,1139
384098.1395,1138563.424,114
379891.9219,1354187.239,1140
387886.8423,1336142.286,1141
383146.1666,1329411.188,1142
384918.8264,1329668.836,1143
391744.0916,1353539.73,1144
402161.3488,1352659.437,1145
369358.8618,1356038.578,1146
444280.4222,1205239.629,1147
326657.3035,1270134.683,1148
361917.6973,1362056.508,1149
428300.4193,1135889.522,115
411405.0163,1356400.89,1150
385905.7332,1357695.336,1151
367913.2401,1358478.421,1152
362688.6334,1338343.193,1153
361224.5425,1335926.67,1154
422251.7709,1363133.928,1155
415411.3621,1359466.986,1156
417755.3749,1361738.566,1157
354710.2255,1341275.721,1158
268050.3795,1296891.311,1159
373592.4357,1133288.161,116
264090.2216,1293649.482,1160
231120.591,1270476.652,1161
281600.8011,1287121.718,1162
264453.2761,1292518.601,1163
249018.7406,1289497.419,1164
285313.2093,1282298.249,1165
253911.582,1288140.864,1166
239446.0945,1272613.125,1167
241956.6274,1281972.923,1168
439628.1294,1364047.872,1169
390386.5629,1134582.139,117
244851.253,1276498.575,1170
261203.012,1289844.101,1171
350921.9505,1333692.021,1172
430083.7128,1364512.857,1173
262269.721,1261086.967,1174
262239.468,1262609.304,1175
359648.1251,1337628.931,1176
360696.3463,1332984.129,1177
344691.647,1274437.916,1178
359241.7013,1337166.507,1179
406265.1984,1134117.893,118
434400.3889,1368947.322,1180
363727.9187,1345472.823,1181
264123.0225,1267573.029,1182
281167.2427,1295510.499,1183
264254.9843,1268970.732,1184
269172.9867,1304723.921,1185
265977.2976,1257180.9,1186
253640.6957,1268740.523,1187
257433.7898,1268342.811,1188
279678.3238,1305267.538,1189
373334.6887,1132224.716,119
259552.2555,1271195.22,1190
279554.3551,1289417.187,1191
286946.8983,1305946.678,1192
286071.2619,1313552.144,1193
280749.3357,1304924.267,1194
278537.2974,1307100.093,1195
281420.2842,1290394.115,1196
280377.2381,1293392.635,1197
271699.4306,1308121.235,1198
278427.0689,1298095.313,1199
299717.2219,1264771.532,12
340659.0092,1131433.206,120
275297.3169,1294303.884,1200
281481.5438,1297463.837,1201
348491.2901,1275779.803,1202
397061.7502,1205796.299,1203
273476.9547,1278048.829,1204
296542.4433,1271683.294,1205
319600.1111,1281108.5,1206
308266.044,1274168.782,1207
322706.9155,1281986.192,1208
319958.7447,1277857.111,1209
345612.0971,1130148.809,121
304596.8732,1264893.117,1210
276323.2124,1273339.808,1211
307577.5325,1263477.965,1212
272527.2686,1269837.007,1213
304190.1362,1267414.287,1214
294862.6213,1243095.462,1215
397922.5059,1162522.705,1216
284523.1404,1268756.074,1217
267419.0293,1274601.86,1218
420307.9614,1157281.305,1219
405554.1462,1122227.423,122
269206.428,1273040.209,1220
266398.0749,1272061.887,1221
270172.3366,1270326.236,1222
367589.2873,1173918.828,1223
365667.915,1166272.891,1224
370411.211,1182801.824,1225
367376.8573,1175409.539,1226
368182.4569,1172680.988,1227
367270.9024,1181703.451,1228
368586.3748,1177211.054,1229
393231.2793,1129859.827,123
422081.9306,1156987.967,1230
370535.4998,1174817.356,1231
354287.563,1193894.641,1232
375281.1587,1179197.171,1233
321914.1746,1280704.102,1234
351520.8613,1192953.905,1235
350536.9572,1193653.206,1236
375770.1518,1179249.613,1237
389246.4232,1159132.321,1238
393868.3954,1160768.956,1239
408555.1312,1128729.202,124
390996.6583,1159605.924,1240
418652.0072,1157557.065,1241
419454.4814,1157451.989,1242
352767.5442,1114540.103,1243
413000.2921,1158814.481,1244
353640.801,1267290.241,1245
383015.739,1155718.143,1246
386687.8021,1160289.365,1247
385368.3399,1157567.728,1248
408257.4258,1140792.823,1249
395520.6205,1125194.824,125
351898.6151,1126252.494,1250
410307.6575,1165922.436,1251
418944.2797,1161931.999,1252
414910.8199,1164006.038,1253
374267.9567,1140855.545,1254
405101.6654,1119041.323,1255
353653.6324,1261609.487,1256
407590.7137,1122971.053,1257
350735.8233,1133260.36,1258
360453.115,1142221.584,1259
432256.5239,1126541.605,126
343416.7224,1122931.99,1260
369264.2797,1105506.89,1261
408700.6035,1121004.056,1262
424337.3436,1141147.201,1263
420415.4096,1130366.4,1264
378997.5677,1109410.948,1265
407044.5252,1123190.039,1266
425511.3154,1136685.726,1267
419958.4887,1129348.966,1268
420865.0279,1128463.564,1269
406225.2092,1123308.211,127
417831.7123,1127904.671,1270
407860.7629,1117371.724,1271
425917.3211,1137309.012,1272
413461.5958,1125814.661,1273
409264.4448,1119347.775,1274
405807.8751,1149641.613,1275
423483.9687,1135901.238,1276
366408.1748,1352824.677,1277
396332.3008,1127021.281,1278
406392.1254,1145324.777,1279
396551.7517,1123397.849,128
402535.2242,1146106.95,1280
364508.9013,1353712.449,1281
367100.8191,1350789.053,1282
364504.7204,1304642.015,1283
387905.0594,1127918.952,1284
405876.2443,1126684.867,1285
410376.0735,1136488.342,1286
385608.1552,1133817.545,1287
405057.3177,1117429.12,1288
398259.3991,1130404.005,1289
384064.7267,1123208.546,129
392605.2581,1126140.22,1290
407282.4374,1127867.899,1291
391512.8529,1126631.609,1292
407715.3305,1133225.403,1293
396013.5127,1120908.297,1294
395377.3633,1121860.31,1295
352338.5863,1337560.308,1296
419410.3546,1126378.814,1297
429638.8574,1370310.846,1298
394277.0762,1118920.863,1299
338315.1715,1271710.219,13
356860.2255,1125043.706,130
431767.5071,1376796.486,1300
296655.6372,1300342.539,1301
295150.2711,1285759.021,1302
291284.9953,1288773.095,1303
304793.7428,1291745.972,1304
419110.4874,1127682.534,1305
300249.3418,1297839.127,1306
395972.972,1357783.425,1307
394224.5586,1357827.284,1308
428097.3996,1373821.811,1309
404420.9263,1122013.399,131
425161.9512,1369195.537,1310
422475.8632,1367236.72,1311
417295.1881,1367723.661,1312
412247.7125,1363177.303,1313
390260.6399,1112621.434,1314
392522.332,1114190.625,1315
393923.0386,1111082.875,1316
383974.177,1120573.394,1317
387135.0692,1115874.213,1318
394842.6724,1115948.607,1319
370636.0033,1117593.671,132
395648.6168,1116892.263,1320
433049.0157,1311628.483,1321
365868.053,1345405.643,1322
385050.6243,1119224.807,1323
358891.412,1339632.923,1324
359559.6025,1345102.637,1325
388760.2788,1116375.701,1326
354943.8711,1335208.75,1327
352221.2294,1343246.8,1328
356186.1552,1341499.86,1329
393183.9503,1116852.931,133
357489.2256,1344239.772,1330
360173.6513,1341785.29,1331
350598.7481,1336171.901,1332
351729.0776,1331729.682,1333
349831.7634,1301596.824,1334
423733.5998,1217566.402,1335
365994.9843,1361975.909,1336
368664.1882,1350792.71,1337
363958.1428,1363906.199,1338
369637.3859,1346797.329,1339
409552.6569,1150895.496,134
370139.7692,1347972.892,1340
365654.2072,1357850.852,1341
366115.4577,1366756.209,1342
369240.4634,1352970.996,1343
361743.3782,1355295.009,1344
370490.509,1352425.766,1345
365160.9956,1356091.598,1346
367615.2401,1346904.484,1347
366786.9615,1358537.5,1348
365878.323,1339490.944,1349
391213.5865,1153324.544,135
358474.5006,1311742.266,1350
365676.6,1340652.688,1351
370463.8493,1329574.483,1352
344430.2622,1313791.588,1353
363675.5092,1325565.188,1354
371720.3176,1330341.195,1355
371595.4958,1335405.997,1356
369043.6197,1337279.083,1357
373273.1842,1332646.573,1358
376230.2891,1237679.39,1359
413638.9288,1154075.464,136
383500.1906,1240640.771,1360
370614.9499,1242758.353,1361
383598.9803,1237167.293,1362
380857.903,1241493.818,1363
363383.6929,1286037.145,1364
386785.2543,1235522.635,1365
381151.621,1112600.532,1366
351778.3031,1304372.818,1367
368857.2604,1248908.321,1368
373215.7586,1295451.864,1369
412311.4485,1154715.086,137
385929.6764,1192805.803,1370
369960.4975,1247716.993,1371
358121.0318,1301245.966,1372
403672.5463,1221144.688,1373
400832.5093,1221062.714,1374
422129.741,1220892.373,1375
417730.9169,1216764.289,1376
396478.1893,1226110.816,1377
418718.6231,1216991.429,1378
388730.0463,1234546.182,1379
377892.8901,1156336.673,138
393375.5733,1230613.667,1380
411931.006,1215516.196,1381
403041.1086,1218669.692,1382
417415.8747,1213593.94,1383
413966.9836,1214426.874,1384
410818.6184,1215989.289,1385
396197.7155,1228503.96,1386
396879.577,1222522.032,1387
409531.6426,1218420.499,1388
390309.6579,1231945.708,1389
378140.1185,1156917.886,139
428613.8936,1218090.726,1390
373455.4078,1115639.694,1391
428382.734,1220093.364,1392
424339.9009,1215639.441,1393
428789.8241,1217307.35,1394
426676.6394,1215611.94,1395
424463.2282,1219372.223,1396
425774.2922,1217717.628,1397
423210.1578,1220905.065,1398
356267.2418,1132347.543,1399
297276.4487,1295682.947,14
390256.7588,1156247.366,140
366419.37,1103019.62,1400
367250.3718,1105440.472,1401
366546.0783,1104449.289,1402
360926.7101,1110371.838,1403
363596.1307,1108238.742,1404
374370.8341,1121228.526,1405
379656.9968,1107472.784,1406
407553.5639,1242363.955,1407
412031.9649,1250114.681,1408
414487.4171,1248791.797,1409
383448.9248,1162702.308,141
405364.2731,1236727.569,1410
392173.363,1206195.965,1411
403383.2742,1237099.607,1412
401376.7028,1237387.263,1413
402057.7642,1239158.381,1414
383769.3637,1188964.119,1415
411199.1347,1243450.903,1416
388435.9615,1188154.353,1417
386981.3041,1189478.104,1418
381900.3141,1189365.357,1419
392842.4648,1171445.058,142
387479.2323,1188565.688,1420
415260.4416,1258723.155,1421
388155.0994,1302427.763,1422
396767.8804,1268252.392,1423
423859.6521,1241264.498,1424
377192.6164,1273627.501,1425
405871.5784,1274321.356,1426
401786.2356,1261912.53,1427
429479.8394,1249130.215,1428
438457.586,1250688.974,1429
380821.7096,1177246.261,143
378546.1996,1277067.891,1430
381557.6747,1295197.051,1431
382561.922,1305279.678,1432
441023.9234,1266568.988,1433
383611.0516,1308387.592,1434
447553.8221,1250779.877,1435
397168.0438,1255857.589,1436
423672.6663,1265940.556,1437
438865.742,1214497.411,1438
438122.3116,1214310.084,1439
386956.3831,1176268.857,144
438329.1832,1212412.521,1440
452522.3196,1251801.627,1441
437130.9771,1211305.813,1442
453187.6653,1253030.772,1443
422278.5563,1264305.431,1444
442093.9376,1251480.367,1445
442356.1999,1247576.476,1446
442443.3862,1258606.199,1447
279980.1843,1288485.761,1448
441623.8424,1256956.868,1449
402714.4782,1177934.179,145
435412.4645,1257494.333,1450
422929.9689,1263293.914,1451
434877.589,1266007.299,1452
430136.6238,1240936.471,1453
443594.4435,1262990.946,1454
436323.7878,1239699.711,1455
429090.6855,1249046.703,1456
427302.1551,1245835.152,1457
428478.9342,1231690.911,1458
386096.1115,1267417.947,1459
378588.242,1180654.385,146
344059.3313,1317822.45,1460
391094.4461,1269972.036,1461
384319.5988,1267545.452,1462
389455.2809,1270484.024,1463
395522.4942,1269852.787,1464
402118.1519,1267732.893,1465
403067.6794,1271338.013,1466
403708.261,1275206.737,1467
416983.1326,1122610.222,1468
443759.7395,1237123.679,1469
407144.9068,1181318.802,147
442044.4734,1234076.03,1470
440995.1208,1238387.424,1471
441274.9852,1240651.706,1472
440036.238,1242386.561,1473
446905.2675,1241770.03,1474
448494.7554,1240270.838,1475
449530.5988,1241631.251,1476
441925.3812,1228361.573,1477
435645.1182,1229849.974,1478
425431.3284,1240446.793,1479
401020.9212,1182515.88,148
431611.2192,1246386.346,1480
426836.8803,1249567.287,1481
427019.8824,1252439.38,1482
428836.0797,1254236.696,1483
425833.4156,1257502.844,1484
424406.3285,1260370.966,1485
426811.4316,1260953.284,1486
431644.1761,1261973.885,1487
432050.6123,1263305.894,1488
426876.6356,1263670.045,1489
441998.8342,1183922.102,149
446985.1581,1249018.891,1490
404454.4509,1253154.446,1491
403487.1781,1240370.564,1492
386116.296,1193885.882,1493
389084.706,1196538.2,1494
381236.7653,1107958.761,1495
370914.455,1164235.819,1496
348834.6512,1305242.126,1497
362103.9816,1140883.973,1498
348252.3443,1340804.727,1499
296820.4966,1185092.674,15
410671.5531,1183516.406,150
337386.8871,1315582.954,1500
389783.2148,1354428.074,1501
355982.6223,1360962.189,1502
409655.2185,1151215.029,1503
417836.0649,1134196.138,1504
333209.307,1131100.504,1505
426517.9985,1141083.897,1506
360972.9287,1269481.95,1507
351161.6805,1265113.925,1508
422062.8023,1159985.118,1509
416045.0191,1185792.079,151
400948.0397,1161123.07,1510
428256.1084,1365074.79,1511
424686.6243,1351154.159,1512
448303.6461,1316424.015,1513
395893.6934,1343133.012,1514
459246.7767,1279967.433,1515
454024.9061,1290393.712,1516
450242.0389,1289731.693,1517
453825.0943,1295424.611,1518
448169.7632,1296624.069,1519
398828.5143,1184994.651,152
424139.3133,1198996.893,1520
344321.8843,1180922.792,1521
399432.7771,1235602.136,1522
435995.6776,1162209.817,1523
389893.8416,1310382.595,1524
407982.0444,1160571.958,1525
399356.6307,1282834.286,1526
365888.3798,1110430.487,1527
410166.164,1279525.998,1528
391644.8376,1280047.49,1529
398309.4973,1189256.326,153
395113.1306,1289303.055,1530
393910.7621,1339708.17,1531
373056.0958,1312333.829,1532
407199.7932,1202199.331,1533
414749.2305,1202460.913,1534
385407.29,1202711.83,1535
403624.9338,1202828.334,1536
395135.0037,1203381.491,1537
428006.257,1203303.182,1538
425315.697,1203482.949,1539
390943.5882,1186269.568,154
403271.8138,1203652.195,1540
390835.2281,1203865.936,1541
295694.2974,1204393.215,1542
397628.6699,1203985.395,1543
361357.0432,1204680.433,1544
411971.2198,1204643.981,1545
372386.0087,1204968.749,1546
427046.4606,1204858.769,1547
420502.4715,1204932.622,1548
404087.0659,1205036.205,1549
407437.8366,1188235.887,155
369755.8764,1205203.9,1550
376089.1974,1205296.647,1551
381124.6831,1205435.158,1552
400184.3636,1205456.026,1553
387724.1193,1205570.03,1554
429634.593,1205652.23,1555
363954.5834,1206132.002,1556
419500.6546,1206060.763,1557
394057.2342,1206727.7,1558
367188.3833,1206946.542,1559
395826.727,1187956.282,156
403291.3605,1206871.541,1560
377059.2274,1207301.639,1561
368229.5204,1207274.046,1562
360621.6165,1207840.367,1563
410440.846,1207767.341,1564
426959.264,1207759.827,1565
396135.0329,1207789.342,1566
422657.0349,1208257.052,1567
388582.182,1208363.709,1568
372799.7382,1208417.835,1569
422633.2025,1192864.4,157
413263.9137,1209268.953,1570
396862.3444,1209164.96,1571
392425.2452,1209407.188,1572
360514.8912,1209706.978,1573
364073.0171,1209729.49,1574
411092.8904,1209751.399,1575
365518.1301,1209897.953,1576
404906.8781,1209919.876,1577
418828.4062,1210130.014,1578
427196.3936,1210229.843,1579
389992.8998,1194381.413,158
367403.4688,1210581.655,1580
398676.1007,1210497.322,1581
421991.5579,1210448.666,1582
396673.4199,1210739.573,1583
374174.5233,1211247.418,1584
362192.4462,1211743.932,1585
360809.1252,1211926.194,1586
402876.7182,1211950.347,1587
427046.9579,1212068.602,1588
395506.2789,1212391.529,1589
388657.7828,1194206.368,159
421892.5481,1212310.721,1590
365193.5469,1212603.362,1591
385033.2611,1212687.28,1592
368784.372,1213127.079,1593
382277.5316,1213196.844,1594
424547.6252,1213124.488,1595
414275.5487,1213431.011,1596
411471.2734,1213816.237,1597
363552.8174,1214201.067,1598
380494.7716,1214005.51,1599
262952.2081,1257181.665,16
412604.5942,1195093.093,160
403086.5681,1214047.726,1600
360250.2357,1214744.652,1601
399520.7938,1214750.716,1602
409606.4338,1214742.878,1603
375167.2826,1215007.181,1604
414580.2599,1215235.8,1605
369502.1532,1215630.578,1606
364852.4855,1215641.732,1607
425159.438,1215495.163,1608
377216.7176,1215866.416,1609
405172.1686,1199276.528,161
430142.3728,1215838.714,1610
400978.3129,1215941.562,1611
368190.4739,1216362.114,1612
409571.7941,1204398.112,1613
427551.4514,1205077.039,1614
428777.1858,1208743.022,1615
407451.6305,1212050.649,1616
431987.9046,1212721.653,1617
403361.2335,1213498.838,1618
426699.5477,1213919.566,1619
388913.0872,1199563.843,162
391429.2794,1215444.017,1620
425918.4387,1184434.104,1621
418175.9099,1185328.824,1622
415572.6186,1186710.74,1623
409612.5615,1186895.531,1624
405201.5581,1187376.343,1625
414725.6586,1187805.625,1626
402763.9499,1187799.441,1627
412526.0429,1189208.43,1628
439676.776,1189192.668,1629
383529.6084,1198619.683,163
409295.7105,1189980.207,1630
397908.0286,1188193.166,1631
404518.0067,1188564.926,1632
418695.3213,1188903.571,1633
401980.0209,1190062.502,1634
385350.5195,1282365.061,1635
425235.8102,1281977.305,1636
368650.5279,1282546.6,1637
343218.5913,1282926.645,1638
436215.609,1283426.373,1639
380716.1054,1199939.538,164
392708.6445,1283565.463,1640
420584.3304,1283703.963,1641
346224.9662,1284041.837,1642
450662.2484,1284981.805,1643
386520.8032,1285132.377,1644
407446.0375,1285623.496,1645
438734.7242,1285572.621,1646
377003.4762,1285884.328,1647
389803.0532,1291226.262,1648
372763.1981,1286103.363,1649
442065.1538,1201831.721,165
384221.8915,1286134.659,1650
429184.7261,1286045.52,1651
348430.2084,1286450.102,1652
381654.0278,1286555.403,1653
370748.6395,1286975.952,1654
346517.4331,1287042.018,1655
402078.0105,1287106.585,1656
387211.5975,1287322.414,1657
428180.5233,1287294.05,1658
398969.8727,1287660.301,1659
402255.8231,1199994.612,166
348362.6437,1288706.865,1660
385036.7633,1288508.89,1661
385865.4486,1288712.133,1662
382158.0453,1288968.388,1663
376214.4371,1289251.096,1664
399988.2555,1289192.561,1665
407055.8276,1289239.869,1666
370948.6827,1289657.004,1667
426876.584,1289654.028,1668
358848.8614,1290072.876,1669
382135.6385,1200249.628,167
383441.1785,1290126.173,1670
366771.1581,1290539.176,1671
381768.0753,1290645.559,1672
391423.4732,1290635.121,1673
372876.5293,1290758.546,1674
401186.2227,1290674.311,1675
307556.294,1295609.533,1676
441271.3317,1298700.666,1677
438797.9221,1299319.413,1678
397984.6556,1283463.22,1679
420976.6048,1202926.46,168
424743.153,1286328.623,1680
366431.9687,1286862.764,1681
394576.3971,1287258.628,1682
404127.2243,1288406.935,1683
422778.1078,1292260.289,1684
427536.8003,1292388.608,1685
425527.726,1293348.581,1686
442069.1323,1294731.145,1687
406742.5906,1279388.496,1688
364460.2998,1096733.351,1689
390940.4132,1203349.402,169
367575.2655,1100278.258,1690
366030.8533,1100321.026,1691
364760.7475,1100855.318,1692
355654.4606,1103946.323,1693
353637.0833,1104336.965,1694
359043.1783,1104463.402,1695
358054.6189,1104989.6,1696
370575.0626,1106340.189,1697
372928.8673,1106515.146,1698
375722.8035,1110747.56,1699
319022.4468,1286112.059,17
383838.9856,1206146.392,170
391865.1903,1112737.066,1700
363162.8034,1112932.486,1701
379029.8204,1114167.925,1702
366339.2484,1115295.263,1703
379878.1365,1115265.121,1704
362078.259,1116340.124,1705
380685.7992,1116328.608,1706
387594.472,1116363.292,1707
390615.6177,1117158.698,1708
355987.5594,1117542.811,1709
416356.0199,1209362.678,171
396420.0449,1117866.306,1710
387853.0486,1117886.093,1711
406378.7317,1117875.037,1712
389775.3178,1118000.489,1713
363212.9342,1118343.511,1714
396143.8055,1118527.104,1715
403970.0985,1118757.277,1716
380179.6741,1118872.696,1717
353117.9426,1119134.914,1718
360199.1064,1119431.513,1719
413812.5516,1208173.789,172
391227.207,1119376.644,1720
354506.784,1119703.336,1721
396216.8477,1120124.445,1722
407791.3232,1120311.271,1723
329814.0353,1120766.542,1724
357524.704,1120646.719,1725
379350.5875,1120863.041,1726
391284.0569,1121376.947,1727
364966.7815,1121547.931,1728
387992.9063,1121762.79,1729
415071.8222,1210892.147,173
386173.8945,1121783.115,1730
367237.5573,1122283.829,1731
374044.4073,1122408.403,1732
333140.4121,1123177.8,1733
402554.6591,1123198.389,1734
408758.8809,1123246.301,1735
380118.1455,1123601.414,1736
386752.9585,1123594.972,1737
389175.983,1123617.687,1738
358370.4038,1123796.791,1739
380087.5732,1210196.861,174
336998.7066,1123894.86,1740
417431.3947,1124343.427,1741
390966.2071,1124848.803,1742
358885.9135,1125562.708,1743
415418.339,1125522.78,1744
345714.753,1125850.259,1745
360636.302,1125792.305,1746
349055.0971,1125916.231,1747
344008.8402,1126637.469,1748
406537.017,1126613.539,1749
415557.8029,1214026.257,175
357813.7793,1126933.888,1750
347984.9691,1127092.281,1751
359437.2602,1127171.923,1752
413114.303,1127024.654,1753
320926.4836,1127631.237,1754
397760.9586,1127433.168,1755
408649.2,1127470.085,1756
345113.0406,1128079.006,1757
335995.6595,1129062.824,1758
333763.5269,1129112.102,1759
412158.0831,1213046.739,176
397192.5259,1129167.424,1760
399775.838,1129552.126,1761
410124.795,1129808.697,1762
410544.7008,1130155.085,1763
315328.7423,1130888.031,1764
325487.3802,1131001.652,1765
330189.3984,1131266.468,1766
348517.7997,1131241.473,1767
363451.221,1131308.249,1768
361473.4278,1131350.105,1769
404190.0219,1212583.793,177
353337.8485,1131509.596,1770
397043.6793,1131376.177,1771
392244.3035,1131431.823,1772
376295.9166,1131574.445,1773
317105.5012,1132033.499,1774
417350.9819,1131714.677,1775
415474.5158,1131935.933,1776
357936.1772,1132219.651,1777
336077.909,1132666.742,1778
328314.8231,1132785.669,1779
434132.5379,1217014.852,178
383617.4931,1132588.178,1780
321503.233,1132881.573,1781
325615.7906,1132916.802,1782
381997.4392,1132763.756,1783
353750.5333,1133038.982,1784
410314.791,1133352.64,1785
372976.8458,1133780.561,1786
374400.6103,1134206.894,1787
367325.0468,1134380.943,1788
355085.82,1133750.087,1789
415947.1832,1217357.188,179
426056.7621,1134437.912,1790
379237.4449,1135209.111,1791
329778.506,1135757.556,1792
381427.8933,1135606.53,1793
350471.9115,1135893.27,1794
337773.191,1136054.115,1795
346014.055,1136698.238,1796
335593.4673,1136824.989,1797
363163.5832,1136741.103,1798
310237.7966,1137282.659,1799
346644.5447,1220889.717,18
429503.4423,1218827.837,180
373970.7643,1137157.002,1800
364483.5887,1137101.43,1801
380684.6373,1137791.839,1802
385902.105,1138015.397,1803
409397.2793,1138094.242,1804
388421.4224,1138249.783,1805
422716.3861,1138199.794,1806
389705.634,1138624.296,1807
410761.2037,1138783.832,1808
396607.9109,1139470.898,1809
402070.3136,1218203.482,181
386341.5585,1144937.157,1810
372608.7711,1145164.221,1811
438054.6867,1145026.859,1812
329344.2675,1147014.408,1813
383802.2734,1147031.351,1814
355501.9288,1104323.724,1815
358846.3578,1110309.27,1816
355154.4478,1111040.316,1817
365441.6891,1112367.555,1818
377081.9415,1112346.734,1819
401789.6868,1220305.864,182
379566.3887,1112493.934,1820
376398.148,1114455.279,1821
365189.4572,1114821.613,1822
358737.8098,1116885.515,1823
358693.8794,1117838.037,1824
366246.7402,1119205.455,1825
362259.4925,1119232.848,1826
374797.7295,1119589.777,1827
369039.1781,1120742.567,1828
363417.9608,1121920.81,1829
435743.5792,1220761.656,183
378157.4161,1123348.164,1830
385698.4217,1123911.488,1831
403810.6181,1124230.445,1832
381430.8685,1124653.648,1833
376753.9689,1126079.782,1834
374731.3848,1126322.897,1835
381713.2539,1126576.987,1836
366720.6944,1126616.533,1837
336273.484,1126802.481,1838
371119.1385,1127350.301,1839
383356.0151,1232418.51,184
362233.8861,1127488.681,1840
381548.1012,1128395.367,1841
339057.5487,1130454.91,1842
386586.1389,1130472.571,1843
407837.9562,1131251.907,1844
377793.3773,1132295.875,1845
405041.362,1132639.549,1846
391515.1799,1134066.009,1847
368771.2519,1134670.411,1848
314069.0561,1135525.338,1849
316133.6165,1235368.522,185
384865.7841,1136082.057,1850
326661.3923,1137389.033,1851
316808.4235,1146078.782,1852
333432.7811,1147188.002,1853
402854.1103,1265317.487,1854
460321.6036,1262409.255,1855
410475.4032,1266122.183,1856
414683.1538,1268534.273,1857
266270.3224,1269885.229,1858
400829.9857,1269017.297,1859
363575.774,1137497.549,186
417421.0657,1266330.72,1860
419180.5168,1268517.008,1861
436379.1726,1269100.842,1862
372208.4864,1269194.071,1863
375800.5486,1271010.768,1864
357441.8755,1266962.703,1865
417289.1535,1266953.753,1866
405000.356,1267188.544,1867
371464.3461,1266831.13,1868
423086.3873,1267817.785,1869
355677.977,1167076.642,187
368207.1295,1267632.527,1870
389253.919,1272335.389,1871
357102.4999,1270356.48,1872
460108.7686,1270283.437,1873
383350.0963,1269749.517,1874
409671.5816,1270124.608,1875
386266.5608,1269824.641,1876
405478.5506,1269608.485,1877
390057.7457,1272362.411,1878
433809.8715,1270021.775,1879
368893.3379,1210735.55,188
414303.2847,1270899.34,1880
380952.2019,1271654.67,1881
394109.7117,1272822.928,1882
431274.3423,1278410.337,1883
385208.1352,1234187.603,1884
382235.7718,1234365.363,1885
379505.0968,1234625.746,1886
378853.3862,1235642.78,1887
368601.6158,1236551.147,1888
372812.8243,1238713.093,1889
360558.753,1146351.432,189
333452.0038,1240867.915,1890
361231.5823,1181720.392,1891
350363.5601,1181893.881,1892
417696.5517,1182390.086,1893
357147.8735,1183030.829,1894
359232.0657,1183445.135,1895
367809.1763,1184061.509,1896
395721.2416,1173345.671,1897
405213.9864,1147732.188,1898
371038.8013,1148370.786,1899
319225.4842,1137378.315,19
348679.4229,1158904.363,190
377141.5672,1148898.037,1900
382842.3579,1149910.332,1901
328910.595,1150570.532,1902
384963.9728,1151058.566,1903
317933.2697,1151512.045,1904
332415.2188,1152108.468,1905
321803.2279,1152346.643,1906
427031.5032,1152234.79,1907
373461.9223,1152991.573,1908
331036.1773,1153226.577,1909
358141.4407,1177108.932,191
317838.5035,1153541.769,1910
384528.7102,1153411.342,1911
321300.3925,1154044.025,1912
375178.0493,1153931.62,1913
323567.8133,1155022.691,1914
370446.2449,1155325.177,1915
427332.8563,1156842.979,1916
327268.8545,1157391.317,1917
374456.3588,1158664.467,1918
401007.7662,1159005.674,1919
408726.3855,1210191.086,192
416210.0477,1159489.715,1920
431869.3362,1159750.927,1921
364703.3264,1160272.968,1922
419955.1297,1160202.307,1923
355216.0011,1160466.56,1924
357451.546,1160590.153,1925
426106.9726,1160704.334,1926
402871.1846,1161418.736,1927
424452.821,1161568.417,1928
395452.8834,1161823.692,1929
387769.7545,1213414.081,193
366803.8146,1162169.515,1930
439156.186,1162094.242,1931
368342.2851,1162456.756,1932
391330.2018,1162675.867,1933
369534.9219,1163789.183,1934
429520.3295,1163914.86,1935
369318.8644,1164395.94,1936
395719.9753,1164323.235,1937
360542.5971,1164733.316,1938
392183.25,1164845.226,1939
424033.3336,1214497.012,194
355109.7512,1165094.771,1940
357480.5564,1165584.303,1941
359032.9841,1166066.89,1942
389189.0438,1165978.548,1943
414684.7464,1166134.042,1944
393607.94,1166434.723,1945
367395.2282,1166561.773,1946
426204.5931,1166741.096,1947
375765.4845,1166973.6,1948
351978.7032,1167418.403,1949
378849.2758,1237511.989,195
350044.3106,1168016.004,1950
361014.3198,1168095.522,1951
409565.4066,1168233.867,1952
411434.7411,1168395.521,1953
383184.8821,1168638.674,1954
386780.2718,1168635.655,1955
354542.6692,1169505.25,1956
357906.5096,1169626.242,1957
358969.5206,1170008.49,1958
355951.3823,1170113.285,1959
365251.0727,1182687.647,196
401720.9772,1170012.586,1960
349755.7571,1170684.174,1961
357371.853,1172105.99,1962
359918.0037,1172149.401,1963
352845.7681,1172261.588,1964
355755.6724,1172498.03,1965
406985.6301,1172330.949,1966
389553.4838,1172738.942,1967
404957.9465,1172678.98,1968
363164.598,1173719.131,1969
370611.2178,1340637.074,197
346705.5285,1174132.933,1970
392606.5835,1174363.568,1971
387837.9296,1174402.468,1972
360936.9586,1174550.684,1973
386750.9283,1175036.179,1974
345175.9374,1175087.283,1975
402245.9446,1175445.07,1976
395100.1698,1176409.316,1977
398608.6824,1176399.293,1978
399696.9777,1177342.142,1979
401519.6259,1353866.397,198
406460.6989,1176740.984,1980
409230.7965,1178574.723,1981
427545.0117,1178778.63,1982
386857.5809,1178560.193,1983
397838.0746,1179837.7,1984
420357.2391,1179983.816,1985
392878.5408,1180845.9,1986
411395.7935,1181092.101,1987
405533.4937,1181334.846,1988
329534.7518,1156228.402,1989
362911.3339,1358010.374,199
368788.0908,1157341.876,1990
361873.3531,1158672.721,1991
414015.0154,1161327.851,1992
353038.4425,1165118.492,1993
363190.4305,1166303.999,1994
361162.8095,1170027.343,1995
346825.1286,1170628.107,1996
383111.0796,1172566.224,1997
359954.2791,1107868.121,1998
402843.9574,1127165.395,1999
332111.0054,1279689.658,2
351703.7804,1137620.157,20
343790.8424,1179945.457,200
361331.2998,1129223.72,2000
398615.471,1129513.081,2001
334045.0553,1133697.382,2002
358885.143,1133653.624,2003
345341.9174,1134359.51,2004
352636.5089,1134867.575,2005
340585.3862,1134983.056,2006
429306.8897,1140868.599,2007
437968.9611,1141957.032,2008
420130.0059,1143373.299,2009
370405.7453,1198186.124,201
425466.2777,1143716.913,2010
375996.9948,1143997.129,2011
420743.7,1144359.239,2012
348933.1267,1146862.168,2013
430859.4899,1146728.109,2014
438185.5779,1147257.004,2015
367880.4481,1148157.981,2016
439008.4143,1150871.121,2017
361027.4285,1154397.963,2018
352249.9513,1154404.346,2019
372492.5898,1221481.851,202
428734.0915,1155380.899,2020
332570.2377,1156368.834,2021
368604.9054,1156475.503,2022
334685.6464,1156678.304,2023
340415.4342,1156723.525,2024
349707.7515,1156878.108,2025
340097.8054,1159938.37,2026
338923.5959,1159716.597,2027
336739.3036,1158035.168,2028
335949.521,1159994.344,2029
388956.7078,1221420.359,203
337976.2163,1160837.177,2030
340904.4879,1162276.876,2031
339886.4101,1160995.96,2032
337030.0357,1162770.779,2033
322068.7098,1181551.964,2034
316160.984,1181283.011,2035
279340.0268,1187185.331,2036
342704.6142,1308222.389,2037
359539.4495,1319143.531,2038
359998.2896,1321189.617,2039
384540.8898,1216787.333,204
382457.7832,1311147.041,2040
393227.3066,1306580.792,2041
392646.7942,1304759.538,2042
394139.0818,1302952.941,2043
394868.3924,1305977.888,2044
395294.5148,1308014.136,2045
395224.1361,1301156.158,2046
395667.0383,1308953.204,2047
398198.0098,1305260.112,2048
400673.2549,1307669.92,2049
349440.3262,1164185.49,205
401069.3308,1306071.932,2050
398053.1475,1301756.042,2051
399299.7181,1302379.401,2052
401282.5471,1299063.044,2053
403268.3537,1301145.213,2054
403009.4227,1296816.134,2055
406054.1871,1296998.298,2056
406796.7645,1302105.27,2057
362382.2114,1331439.941,2058
366054.0596,1323608.114,2059
402277.6052,1198221.006,206
367272.9887,1321948.356,2060
367730.9805,1324923.019,2061
371017.0186,1327711.479,2062
371951.2152,1324028.892,2063
373554.9524,1327888.08,2064
377262.6799,1326255.938,2065
373956.7039,1320259.911,2066
375498.337,1322838.702,2067
378431.0008,1317380.981,2068
383276.7623,1319013.274,2069
400363.6675,1201638.027,207
383956.2487,1320409.187,2070
382689.998,1323799.754,2071
383543.6878,1327133.057,2072
384849.8094,1326820.036,2073
387085.7746,1319439.755,2074
387132.3699,1321446.511,2075
387060.702,1322248.494,2076
387351.5655,1322672.386,2077
388248.2219,1322461.255,2078
389568.2626,1321912.24,2079
416486.9493,1219749.022,208
390163.0775,1322881.89,2080
388846.0562,1318862.205,2081
388181.9344,1316292.303,2082
391481.0462,1319700.943,2083
390730.058,1317293.273,2084
391177.9029,1316234.376,2085
391837.511,1317303.442,2086
391839.3546,1315421.867,2087
394369.3297,1321019.53,2088
394764.2642,1317739.73,2089
351541.6667,1222238.295,209
396621.3456,1317086.203,2090
394194.5636,1315988.034,2091
394325.2896,1310781.812,2092
397290.9762,1311233.09,2093
399346.0164,1310140.143,2094
400734.9111,1310905.435,2095
395522.6497,1313437.899,2096
399709.6419,1315168.663,2097
402277.243,1315867.118,2098
404507.1196,1317533.785,2099
370087.7618,1137729.278,21
387269.9592,1224852.018,210
402304.559,1314563.683,2100
404279.9797,1312464.888,2101
406449.3803,1311762.326,2102
407903.9746,1312492.346,2103
404006.1142,1306856.676,2104
411456.4594,1303668.015,2105
411129.9298,1299394.08,2106
411888.2925,1297853.513,2107
412023.7123,1302923.473,2108
415636.7878,1302923.503,2109
354722.8619,1225715.702,211
417515.3065,1301473.446,2110
442044.7827,1287638.168,2111
447937.2842,1287645.458,2112
405913.1704,1309564.384,2113
407361.5571,1309676.555,2114
408970.8393,1309292.606,2115
405550.8948,1307922.476,2116
409590.1545,1307094.417,2117
414216.814,1312535.09,2118
416119.8207,1313184.153,2119
426181.5576,1312111.138,212
412955.405,1313878.943,2120
416300.0879,1310420.808,2121
417408.2272,1310986.555,2122
416939.6784,1308049.714,2123
418309.2626,1306700.549,2124
419964.9963,1307684.083,2125
420384.4138,1311107.176,2126
421552.8349,1306847.004,2127
424284.5472,1305656.21,2128
422542.076,1310695.075,2129
412591.264,1318759.242,213
423852.7821,1311456.001,2130
424171.6071,1308758.202,2131
427191.8939,1309401.701,2132
426386.098,1307075.108,2133
425793.9496,1301999.839,2134
428165.1936,1300918.945,2135
430023.4683,1303568.325,2136
431569.0741,1302567.923,2137
434574.3345,1304311.985,2138
437014.2407,1304758.861,2139
346288.8965,1148083.733,214
438064.7137,1302664.957,2140
438856.9314,1304032.131,2141
439235.783,1306500.405,2142
443284.5619,1302666.091,2143
444806.9597,1303209.505,2144
444644.4298,1307786.24,2145
444896.6708,1310932.024,2146
447837.5047,1304426.679,2147
447798.5769,1310823.01,2148
449172.9872,1304076.952,2149
421909.798,1217272.897,215
448882.5866,1305953.766,2150
372954.4062,1130900.858,2151
364732.7294,1133315.896,2152
402406.4516,1134460.45,2153
323926.2721,1135185.319,2154
357539.6554,1147790.934,2155
355622.6248,1150304.85,2156
347221.9668,1151124.443,2157
361530.7311,1151605.797,2158
358866.6902,1154547.607,2159
399233.6639,1156855.472,216
349046.9073,1155051.811,2160
287542.6792,1182669.55,2161
341052.1152,1296240.021,2162
340429.364,1305278.919,2163
362709.8863,1308819.157,2164
361860.4623,1312715.012,2165
355106.96,1314775.175,2166
352336.5772,1312542.158,2167
345217.9601,1316342.741,2168
345348.5594,1316401.696,2169
394667.6277,1145057.789,217
367907.5329,1314630.318,2170
376695.5915,1313333.851,2171
387900.4249,1313947.01,2172
391529.7194,1308868.604,2173
393529.7953,1310536.013,2174
396676.9378,1306572.949,2175
396619.239,1304047.639,2176
400392.6565,1300642.254,2177
405257.2599,1303429.537,2178
353570.921,1326715.843,2179
326891.653,1200564.978,218
389673.0064,1313564.202,2180
391850.6485,1312483.164,2181
409503.8459,1303234.578,2182
413233.2256,1303414.697,2183
420042.3388,1302336.156,2184
420773.2298,1300297.286,2185
420655.6374,1296677.067,2186
405824.5109,1306089.482,2187
408677.377,1307471.663,2188
411800.3905,1308043.732,2189
412270.8244,1136153.23,219
427419.1526,1307411.363,2190
428513.4615,1304633.901,2191
433041.3317,1305454.626,2192
436048.3978,1307601.255,2193
440624.5452,1304966.862,2194
442649.8058,1308997.925,2195
404689.4175,1337829.092,2196
377284.92,1338086.634,2197
392392.6091,1338068.81,2198
372461.4402,1338255.802,2199
321570.7549,1138040.111,22
396452.0756,1117114.65,220
414367.9058,1338448.059,2200
433629.0655,1338826.192,2201
361334.3098,1340157.749,2202
406219.4356,1340024.792,2203
362246.2037,1340424.892,2204
408700.5042,1340242.08,2205
375730.7111,1340442.036,2206
368327.2841,1340738.075,2207
391981.6398,1340766.361,2208
380055.9876,1341113.414,2209
395372.8826,1184314.807,221
372071.4803,1341244.545,2210
364067.4264,1341297.063,2211
376469.1408,1341332.964,2212
387517.0377,1341616.457,2213
398622.2925,1341752.614,2214
408935.7727,1341752.85,2215
363759.1623,1342062.923,2216
414769.4207,1342344.731,2217
409723.738,1342587.773,2218
399604.2855,1342614.764,2219
408961.1057,1123677.298,222
365695.7788,1343080.705,2220
391897.0267,1343606.387,2221
413194.306,1343770.982,2222
361438.4529,1344479.947,2223
368860.8708,1345057.092,2224
399313.1496,1344995.745,2225
380686.1394,1345311.583,2226
373804.8397,1345935.916,2227
365836.8148,1346890.709,2228
373261.3235,1348081.159,2229
421216.52,1141563.533,223
405476.7279,1348068.428,2230
385789.5571,1349379.366,2231
378484.7782,1349609.472,2232
372707.8785,1350005.886,2233
364216.8915,1351043.628,2234
362158.644,1351065.43,2235
389758.6521,1351176.585,2236
365020.6713,1352324.149,2237
374683.0056,1352205.771,2238
376597.2978,1354103.249,2239
407844.5218,1125435.851,224
392836.2527,1355345.678,2240
368507.635,1355498.344,2241
360138.3429,1356138.173,2242
377232.0375,1356123.573,2243
379102.8142,1357564.458,2244
388645.9556,1358771.65,2245
404019.256,1360831.289,2246
414509.9563,1355609.614,2247
363535.3703,1342908.149,2248
381947.532,1344539.427,2249
410540.6215,1129665.806,225
342666.7666,1179952.391,2250
348668.1062,1180257.466,2251
347210.3725,1178098.311,2252
346988.0788,1176770.369,2253
342943.8899,1177478.181,2254
341016.8028,1176206.736,2255
351752.4858,1176509.202,2256
353495.5172,1177840.118,2257
362262.7726,1178654.768,2258
344591.6984,1177134.111,2259
438078.2826,1162865.404,226
356089.4011,1179378.307,2260
359418.0676,1179260.636,2261
373125.9854,1196189.337,2262
384843.1665,1196356.99,2263
409831.2634,1196602.907,2264
364675.9261,1196840.699,2265
367068.5392,1197053.485,2266
371754.5748,1197013.908,2267
415595.6271,1196947.221,2268
413050.0155,1197070.505,2269
422135.8421,1140815.101,227
397095.6679,1197691.743,2270
379045.7532,1198154.805,2271
409051.2279,1198164.387,2272
381286.0978,1198249.421,2273
392098.9535,1197471.77,2274
372237.2746,1216976.393,2275
412966.9301,1216935.121,2276
405498.7044,1216996.281,2277
365664.6053,1217120.676,2278
408363.2353,1217101.394,2279
400526.8746,1152778.149,228
402739.8006,1217115.92,2280
399778.0447,1217457.513,2281
414054.6073,1217489.524,2282
391720.0153,1217556.326,2283
400524.9236,1218300.635,2284
417340.7558,1218275.593,2285
379864.4188,1218736.93,2286
350945.3839,1218945.814,2287
402285.6537,1221299.856,2288
356762.0924,1221568.41,2289
417534.0444,1146393.395,229
365385.3288,1221717.704,2290
393791.2101,1217105.008,2291
363497.6166,1217250.277,2292
389783.6324,1217329.615,2293
420031.7017,1218046.188,2294
372635.5768,1218507.254,2295
365394.9284,1219207.375,2296
382797.2229,1219585.176,2297
386546.1129,1220089.702,2298
384550.5051,1221306.486,2299
334393.1375,1138207.205,23
415862.3102,1136256.452,230
392975.1266,1202643.172,2300
367612.1003,1202975.141,2301
413136.9313,1204136.735,2302
371013.9288,1208604.422,2303
400387.252,1208753.925,2304
394834.8741,1209277.606,2305
376148.7719,1212453.578,2306
391025.6381,1214995.792,2307
390252.8631,1187397.776,2308
395055.8132,1189603.492,2309
357214.8096,1163107.73,231
390532.0595,1190396.107,2310
426968.2857,1280379.844,2311
363868.5518,1282222.775,2312
442842.2863,1286171.709,2313
350701.5387,1287277.065,2314
416127.8816,1287190.515,2315
355705.6331,1288924.404,2316
423941.2799,1289154.372,2317
407050.8718,1290012.31,2318
410879.2621,1290345.845,2319
417223.266,1136866.702,232
407642.3585,1293352.096,2320
381755.6818,1295036.462,2321
354949.4433,1296607.897,2322
396789.3896,1297657.062,2323
435294.3312,1301918.737,2324
398778.9471,1284035.373,2325
358554.4426,1113772.217,2326
403917.6615,1121047.534,2327
412915.6122,1278914.991,2328
370739.0885,1153059.499,2329
438613.1308,1158473.036,233
365172.3593,1153505.309,2330
411743.6888,1156202.421,2331
353956.7113,1159705.042,2332
360553.7834,1159832.87,2333
361440.7975,1166954.923,2334
353282.1998,1324999.146,2335
354941.4903,1311563.098,2336
388751.8486,1307710.423,2337
359613.0357,1137058.466,2338
364285.1769,1134131.685,2339
433838.8121,1136456.546,234
449251.06,1322898.827,2340
369739.5324,1113781.061,2341
362439.2245,1097551.396,2342
388189.0486,1128168.209,2343
392373.1856,1138064.48,2344
327831.2289,1154108.892,2345
382632.6302,1158898.629,2346
333069.0113,1159185.725,2347
348074.9797,1161690.109,2348
344131.1022,1164877.91,2349
426751.7521,1165744.65,235
342344.6944,1169847.433,2350
341312.2462,1173022.511,2351
402275.247,1173462.267,2352
392951.1397,1179386.144,2353
366344.5271,1179612.863,2354
362973.8123,1181544.722,2355
363476.3059,1184825.821,2356
362236.3131,1186261.722,2357
373912.5444,1189221.599,2358
367597.7011,1190392.132,2359
383370.4173,1142736.014,236
385615.5529,1191037.47,2360
383826.2032,1191158.614,2361
407847.1765,1191232.576,2362
409549.5972,1191387.203,2363
361712.5498,1191707.479,2364
389656.4326,1191603.16,2365
405863.5748,1191637.462,2366
392400.0322,1192485.933,2367
433512.9315,1192614.088,2368
373773.4775,1193248.313,2369
399965.3209,1154259.373,237
378126.494,1193218.993,2370
368761.715,1193955.228,2371
398023.639,1194109.805,2372
359241.0682,1194444.3,2373
391058.008,1194543.447,2374
372158.6152,1194775.373,2375
361738.3685,1195320.544,2376
392474.8426,1195524.665,2377
411769.6303,1195608.965,2378
424122.7195,1195661.64,2379
354176.4669,1156237.878,238
383968.5507,1195957.681,2380
417261.7727,1195945.599,2381
399220.9783,1198534.672,2382
415867.5955,1198629.654,2383
413616.8162,1198649.98,2384
385435.9768,1198944.172,2385
395454.7066,1198883.282,2386
356026.0454,1199591.188,2387
417902.398,1199352.206,2388
357684.3289,1199628.712,2389
401576.7841,1141885.187,239
368409.2851,1199725.99,2390
391801.837,1199859.649,2391
425321.3115,1199944.36,2392
393858.0919,1200455.822,2393
377569.7871,1200611.046,2394
372300.8997,1200960.34,2395
360218.8037,1201289.941,2396
429672.0223,1201012.456,2397
411881.9597,1201060.806,2398
392751.2224,1201242.836,2399
348497.5512,1138143.399,24
309494.1195,1141995.51,240
367026.5293,1201314.178,2400
418023.3342,1201201.478,2401
409656.0881,1201319.063,2402
362909.7772,1201603.163,2403
369703.592,1201655.928,2404
368967.2541,1201744.557,2405
387375.2549,1201816.737,2406
358175.7779,1202437.751,2407
417371.7871,1202165.066,2408
417173.47,1205930.491,2409
400423.328,1161795.282,241
397169.8414,1212189.081,2410
426751.7016,1218735.599,2411
422000.1175,1218989.52,2412
394594.0672,1219335.977,2413
369107.3221,1219616.986,2414
395696.6619,1219872.267,2415
420142.676,1220198.825,2416
354699.7541,1220542.19,2417
349819.2795,1221089.261,2418
412020.696,1221755.168,2419
426795.3009,1141140.706,242
378486.0437,1221948.179,2420
415012.839,1221822.467,2421
403119.1747,1222201.989,2422
368887.0962,1222697.313,2423
309931.0605,1223234.035,2424
381396.0507,1223088.031,2425
374055.9045,1223244.93,2426
352905.9209,1223815.493,2427
390323.0042,1224046.915,2428
383289.3416,1224709.428,2429
428606.2522,1139615.941,243
369362.9992,1225017.311,2430
393066.1249,1225102.33,2431
374937.8512,1225279.546,2432
391615.2212,1225435.728,2433
366535.6068,1225867.68,2434
356441.1644,1226063.436,2435
378346.8531,1225991.186,2436
390273.0835,1226048.938,2437
353653.6189,1226248.481,2438
385876.6566,1226157.993,2439
434767.2797,1150547.122,244
376248.7934,1226414.619,2440
423481.1038,1226386.161,2441
422027.5411,1226422.508,2442
354655.3026,1226851.647,2443
355624.2683,1227201.172,2444
367135.8811,1227188.383,2445
361183.4061,1227301.66,2446
409823.2334,1227628.003,2447
371738.3355,1228381.203,2448
356143.9054,1228753.57,2449
407530.8459,1168875.973,245
382292.7979,1228910.374,2450
368862.9561,1229010.927,2451
389629.2022,1228907.021,2452
355144.2601,1229484.723,2453
380034.5237,1229661.207,2454
376009.6338,1229703.331,2455
381727.7155,1230070.838,2456
417534.8961,1230016.834,2457
371107.2711,1231464.539,2458
387539.2713,1232229.754,2459
429079.3326,1152348.132,246
433190.2512,1239571.592,2460
379465.7419,1243861.364,2461
447281.5496,1243775.167,2462
429113.9779,1244782.687,2463
403363.9486,1244921.48,2464
435697.554,1245201.719,2465
421459.0629,1245423.791,2466
396947.5209,1245673.73,2467
450930.6965,1245529.146,2468
381551.4492,1245780.043,2469
431163.3079,1145088.714,247
375861.1347,1246141.377,2470
392077.2993,1246135.227,2471
383098.2183,1246621.019,2472
416676.9281,1246586.261,2473
423964.3288,1246608.01,2474
387680.6043,1247177.848,2475
399720.8425,1247564.795,2476
405931.8485,1247564.046,2477
402780.7346,1248179.654,2478
424338.8091,1248375.633,2479
434601.0259,1147528.934,248
401848.6392,1248900.871,2480
417300.987,1248887.936,2481
434856.2596,1248983.019,2482
375239.3303,1249589.7,2483
394210.7461,1249663.034,2484
406646.8554,1250063.262,2485
432919.7952,1250475.8,2486
419383.3175,1250653.392,2487
401547.7089,1250890.964,2488
397751.0953,1250959.583,2489
406450.9711,1157512.485,249
405705.0992,1251085.386,2490
378192.4608,1251256.225,2491
389317.0707,1251661.47,2492
382994.004,1252553.338,2493
387733.0144,1252637.694,2494
372913.3602,1252773.343,2495
414144.9767,1252684.322,2496
399447.3923,1253012.852,2497
363112.1652,1253340.45,2498
421858.6492,1253222.144,2499
312177.009,1138487.938,25
379926.3962,1247803.323,250
439299.9885,1253988.777,2500
381113.8698,1254244.164,2501
411338.8612,1254365.676,2502
377223.2527,1254635.65,2503
387311.5429,1254744.621,2504
365800.547,1254910.465,2505
429951.2752,1254783.035,2506
402581.4455,1254893.747,2507
435945.4997,1255057.803,2508
361262.7622,1255486.015,2509
436653.7483,1150384.783,251
399944.8016,1255430.087,2510
425409.0159,1255338.543,2511
412120.8255,1255473.67,2512
415436.7749,1255593.954,2513
368351.1822,1255875.638,2514
444154.4623,1255864.396,2515
394830.9352,1256059.288,2516
383251.8938,1256423.036,2517
414065.3126,1256434.315,2518
391305.7902,1256686.016,2519
405379.8253,1164111.262,252
420311.5089,1256674.284,2520
427110.9289,1256711.496,2521
389439.4413,1257538.055,2522
433720.7255,1257864.861,2523
374073.4291,1258039.998,2524
395547.0318,1258095.423,2525
403371.5947,1258049.65,2526
409721.4255,1258131.533,2527
391512.3805,1258201.297,2528
366647.3845,1258459.105,2529
407965.7288,1162967.632,253
364082.5817,1258470.18,2530
385111.7788,1258424.579,2531
439674.7647,1258382.281,2532
396519.1308,1258676.565,2533
376016.6503,1258858.236,2534
386723.8769,1259089.086,2535
381825.9922,1259219.553,2536
401322.9678,1259117.844,2537
380383.4737,1259644.715,2538
359335.6033,1259869.87,2539
403621.84,1156668.136,254
390425.7847,1259879.5,2540
385669.0899,1260334.738,2541
362692.6893,1260434.79,2542
384461.131,1260634.605,2543
404893.5043,1260532.752,2544
411700.3139,1260632.803,2545
372387.7448,1260842.597,2546
375715.8466,1260947.447,2547
366582.2615,1261209.73,2548
407933.9624,1261047.233,2549
310250.06,1278598.241,255
421099.278,1261204.962,2550
378430.3897,1261527.797,2551
400081.2667,1261389.375,2552
414081.2734,1261485.062,2553
434629.8931,1263925.019,2554
362796.5475,1264436.431,2555
401164.0656,1264548.175,2556
340890.5323,1264850.253,2557
394173.7732,1267807.028,2558
399894.4797,1270490.807,2559
397057.1721,1178279.759,256
421774.8082,1270578.115,2560
371197.1609,1273032.311,2561
420994.9883,1273266.878,2562
425189.4059,1273978.49,2563
404823.49,1276356.775,2564
393827.506,1276639.098,2565
371603.068,1276754.788,2566
364276.7283,1277418.606,2567
436265.7462,1280857.384,2568
417530.7228,1281606.961,2569
407522.4522,1164515.956,257
419433.2339,1281886.134,2570
405174.8394,1282422.621,2571
436752.3129,1284073.133,2572
404956.1552,1284677.86,2573
401298.3901,1285868.157,2574
389407.5874,1286920.741,2575
362378.9912,1287943.099,2576
446383.5936,1290253.359,2577
376777.3262,1293636.014,2578
363970.7915,1302586.075,2579
405015.0512,1158484.928,258
380841.4516,1302658.438,2580
382069.9826,1302882.117,2581
374569.5986,1303259.571,2582
360007.1547,1303776.77,2583
383712.515,1303747.764,2584
375954.8192,1303904.721,2585
380449.1344,1304918.876,2586
368711.223,1305148.935,2587
371876.7409,1305842.795,2588
381191.8994,1305811.837,2589
413021.2794,1170173.858,259
375354.1372,1305869.074,2590
379115.389,1306596.532,2591
451736.6294,1306883.575,2592
371935.5553,1307312.303,2593
339449.2194,1309465.488,2594
429124.0741,1309581.401,2595
339021.1126,1310486.206,2596
436481.1695,1310862.125,2597
337065.0014,1313312.277,2598
440798.5442,1313184.78,2599
307844.2208,1138575.933,26
410817.4557,1164012.047,260
445862.2329,1313737.523,2600
433175.6181,1313905.216,2601
442682.9378,1314106.16,2602
448548.0107,1314092.722,2603
436070.5562,1314179.068,2604
431360.044,1314558.811,2605
412284.6226,1315112.285,2606
407950.9682,1315267.888,2607
438931.9142,1315722.914,2608
437585.1183,1315734.085,2609
403951.6894,1167657.182,261
408963.1578,1315850.627,2610
413080.4433,1315933.912,2611
406635.1375,1316126.359,2612
410342.3241,1316270.069,2613
421581.536,1316847.892,2614
405162.8883,1317262.328,2615
407340.7105,1317256.539,2616
436840.9885,1317743.085,2617
417851.4813,1318673.913,2618
435460.5612,1318890.803,2619
408099.2961,1167416.467,262
404862.1606,1319039.31,2620
446772.7743,1319242.395,2621
423774.5086,1319691.651,2622
436921.6146,1319785.69,2623
401088.7736,1320028.649,2624
427114.7433,1320262.483,2625
439590.6037,1320329.365,2626
422552.4805,1320576.295,2627
401807.7017,1321193.761,2628
421328.6668,1321523.143,2629
405965.7354,1166131.316,263
407917.9293,1322250.688,2630
398035.1048,1322276.993,2631
398981.901,1323046.866,2632
395111.4653,1323105.016,2633
420137.9901,1323475.902,2634
414355.9105,1323970.903,2635
388713.712,1324006.264,2636
446241.6394,1323806.265,2637
393841.1406,1324207.825,2638
348131.5264,1324718.492,2639
387140.2,1184075.253,264
411748.7008,1324914.56,2640
414012.0086,1325575.849,2641
402536.4679,1325504.681,2642
439080.2102,1325609.747,2643
396138.7878,1326031.527,2644
359312.0976,1326262.174,2645
417045.7873,1326337.812,2646
390657.2392,1326485.769,2647
357107.3784,1326688.74,2648
407874.7554,1327112.615,2649
381963.096,1176639.281,265
407933.7489,1327419.22,2650
400489.0479,1327418.204,2651
414200.6582,1328426.317,2652
358400.6487,1328779.321,2653
412058.4399,1328750.335,2654
387784.7526,1328863.283,2655
399053.2172,1329083.806,2656
420061.3311,1329367.67,2657
396815.1454,1329585.387,2658
408819.4105,1329759.317,2659
411077.2876,1170728.018,266
443813.1904,1329657.616,2660
398214.7152,1330015.472,2661
375174.2836,1330608.635,2662
402344.1862,1330509.331,2663
410234.8605,1331017.088,2664
395860.8095,1331324.913,2665
364513.3911,1331464.826,2666
429447.6172,1332839.15,2667
402762.7536,1333223.745,2668
424009.95,1333161.164,2669
415841.4939,1173259.073,267
400724.8709,1333268.798,2670
398056.3169,1333612.065,2671
405419.9841,1333786.066,2672
415235.9792,1333781.88,2673
409191.4474,1334007.77,2674
376713.048,1334432.413,2675
381424.8684,1334592.221,2676
417079.6778,1334752.603,2677
406868.9198,1334972.842,2678
413330.0251,1334992.584,2679
379201.9579,1177664.954,268
373795.9084,1335513.116,2680
408489.2289,1335648.64,2681
401850.3305,1335703.282,2682
421394.9789,1335797.191,2683
365695.2942,1336169.976,2684
390446.8778,1336705.172,2685
278545.9491,1261480.724,2686
400338.6534,1239775.271,2687
394359.0709,1244643.521,2688
352715.9379,1272262.563,2689
395218.7174,1177664.422,269
352602.6106,1274762.967,2690
390127.1353,1284347.758,2691
433809.85,1331180.598,2692
366337.0329,1231963.672,2693
362336.8512,1170077.402,2694
407154.6473,1280244.56,2695
428947.4846,1360338.652,2696
426257.2424,1363762.601,2697
367386.4638,1334436.948,2698
381883.9849,1280936.435,2699
362486.6289,1138687.774,27
399944.6716,1170617.157,270
399045.4193,1299619.721,2700
393608.795,1300319.688,2701
423762.5281,1324111.842,2702
350898.7892,1309857.006,2703
396142.8223,1218968.345,2704
397563.9556,1218631.772,2705
413638.4279,1219619.356,2706
371774.8837,1219870.665,2707
364979.9705,1200306.083,2708
397258.2227,1202072.775,2709
394572.8648,1175278.041,271
374545.1547,1221986.499,2710
376891.8802,1224865.244,2711
357834.2979,1276714.872,2712
406992.5684,1287717.829,2713
412338.3636,1327159.668,2714
358898.2429,1318092.001,2715
336220.4752,1304577.989,2716
314775.7874,1271079.468,2717
316089.1857,1274744.432,2718
382766.5032,1203271.038,2719
404537.6348,1181950.542,272
393061.5894,1204646.638,2720
407395.6624,1204671.385,2721
381686.3839,1209539.56,2722
362749.2081,1209988.437,2723
392028.9795,1213697.16,2724
372796.0756,1214989.662,2725
395211.4001,1215522.176,2726
403463.0208,1185180.583,2727
405809.1896,1185520.916,2728
373556.5491,1190399.132,2729
311739.7581,1280660.938,273
380834.5733,1283092.326,2730
357008.1231,1283956.08,2731
360677.2613,1284405.669,2732
366184.3487,1285083.097,2733
421050.7892,1285289.774,2734
393575.5164,1290286.87,2735
405424.217,1290732.912,2736
408695.8164,1291145.082,2737
396154.344,1291637.782,2738
362095.9203,1292228.423,2739
403849.7399,1179609.492,274
363346.4269,1294125.593,2740
394939.2239,1297627.166,2741
385059.6152,1298690.914,2742
358013.2468,1299392.335,2743
387524.7652,1301171.109,2744
370626.8885,1109635.895,2745
373658.2173,1111846.99,2746
377747.9576,1116306.538,2747
377379.2122,1117652.741,2748
411084.4049,1119964.968,2749
302794.4314,1285308.812,275
374186.2989,1122317.024,2750
336830.8811,1129367.473,2751
414619.0305,1129383.615,2752
349397.8077,1129753.051,2753
351538.6108,1130096.32,2754
321821.2532,1130445.319,2755
368455.0228,1132012.321,2756
347390.8121,1135104.652,2757
379995.126,1146687.41,2758
363411.1807,1147275.87,2759
394336.6201,1181593.347,276
323821.0719,1147638.014,2760
407826.4912,1262033.708,2761
401328.1498,1273164.665,2762
401254.6678,1279229.982,2763
416114.185,1280000.425,2764
415786.5253,1156021.481,2765
409374.6008,1350650.244,2766
415031.8147,1350782.704,2767
421630.9793,1350102.932,2768
396855.7459,1345662.596,2769
325608.5002,1278485.423,277
383426.0154,1321781.034,2770
392801.6748,1248654.951,2771
430795.8828,1251742.505,2772
437922.946,1268509.283,2773
353847.673,1270745.821,2774
401914.065,1312334.694,2775
383043.2229,1333941.139,2776
379834.0245,1333171.108,2777
382740.9417,1354760.069,2778
434264.3953,1355540.822,2779
334659.3987,1263869.484,278
416853.4439,1328868.896,2780
439317.8197,1149445.311,2781
350886.5369,1272119.85,2782
350505.9648,1272364.408,2783
351318.0959,1272966.052,2784
334046.15,1244852.314,2785
347661.6643,1249871.303,2786
440878.9372,1283117.093,2787
392504.0924,1285843.937,2788
365381.3895,1180990.592,2789
326645.2809,1226206.726,279
394238.4689,1115028.607,2790
398625.5798,1127401.467,2791
301065.3931,1182601.327,2792
288638.5382,1236060.806,2793
287537.7736,1246262.215,2794
395377.3871,1135979.723,2795
385300.337,1141663.064,2796
377861.5373,1142033.837,2797
406234.2163,1142021.396,2798
415397.113,1157750.491,2799
343333.2607,1138793.09,28
339193.2595,1277621.034,280
339059.6327,1146089.126,2800
335354.5609,1147718.475,2801
327409.3771,1147805.551,2802
339114.2362,1149262.745,2803
335528.6462,1149852.659,2804
341933.2372,1149945.796,2805
333318.8112,1151737.48,2806
335590.3523,1152259.758,2807
363105.4182,1152863.083,2808
345869.9067,1152500.769,2809
318447.6814,1278912.047,281
352684.9197,1152076.971,2810
355446.2068,1152808.871,2811
349827.0265,1151473.139,2812
352161.4048,1150601.482,2813
345333.1601,1150327.305,2814
359921.1113,1149457.801,2815
343155.2908,1157256.683,2816
346306.9312,1179962.842,2817
357019.9338,1181475.096,2818
367096.5059,1188457.732,2819
323222.3399,1279944.433,282
371980.6549,1190469.841,2820
306632.9142,1151524.936,2821
406305.2944,1283878.393,2822
426202.0997,1287541.131,2823
311622.5004,1259161.586,2824
311796.3615,1265572.709,2825
311533.7207,1201762.93,2826
311717.1398,1196340.152,2827
311646.2561,1220147.132,2828
312245.6442,1289705.94,2829
325266.7107,1283476.622,283
312767.262,1349373.311,2830
312691.3555,1315618.388,2831
312253.7398,1238721.846,2832
312396.9997,1271181.824,2833
312384.3177,1252261.32,2834
312601.8407,1284456.232,2835
312349.3855,1227738.099,2836
312644.1578,1275956.293,2837
312172.5898,1191539.077,2838
312843.1625,1292468.679,2839
326628.6004,1264631.514,284
312361.2448,1189624.802,2840
312533.4398,1216463.101,2841
313088.4264,1318380.542,2842
312673.2607,1186397.085,2843
313011.4551,1243454.876,2844
312898.35,1213750.181,2845
313191.1248,1249971.524,2846
313194.092,1235431.851,2847
313620.9286,1256342.514,2848
313692.888,1246024.54,2849
327195.1088,1283494.149,285
313419.599,1187667.81,2850
313323.2254,1166361.991,2851
313687.0182,1215099.099,2852
313433.8841,1174075.486,2853
314476.4086,1350645.234,2854
314316.9627,1283369.033,2855
314076.6516,1239111.513,2856
313681.6174,1179918.086,2857
313651.45,1161808.425,2858
314203.8561,1258687.264,2859
361611.9699,1254161.467,286
313891.6727,1204135.758,2860
314069.7736,1224161.386,2861
314503.996,1268127.612,2862
314468.3947,1316963.012,2863
314347.3956,1212862.48,2864
314199.5199,1195714.169,2865
314346.3782,1207547.987,2866
314290.2474,1190925.043,2867
315248.8044,1353931.845,2868
314696.9424,1261970.864,2869
314505.1069,1265408.888,287
314480.8989,1217532.518,2870
314549.8813,1196940.432,2871
314622.0705,1201624.581,2872
315242.0773,1299640.41,2873
315147.7803,1264828.07,2874
315088.2186,1244723.639,2875
315153.2867,1219119.944,2876
315509.0519,1250911.764,2877
315296.4245,1209994.268,2878
315266.9091,1205919.395,2879
348172.8678,1267937.954,288
315828.0672,1288454.766,2880
315306.7009,1189360.373,2881
315332.2573,1186823.637,2882
315327.4589,1175511.556,2883
315644.9786,1221442.281,2884
316093.1802,1296645.17,2885
315815.4659,1247785.767,2886
315715.2963,1232873.94,2887
315696.2396,1206840.829,2888
315615.7345,1179911.505,2889
302868.482,1144455.249,289
316215.1183,1315283.601,2890
315859.3393,1212985.161,2891
315964.7191,1218738.582,2892
316202.52,1240358.819,2893
316449.0057,1292405.86,2894
315862.4311,1166966.045,2895
316419.9056,1259072.91,2896
316020.7675,1184840.968,2897
316473.4657,1249483.674,2898
316275.4804,1216214.343,2899
300554.413,1139025.278,29
313042.8954,1268524.728,290
316835.5911,1287061.099,2900
316522.1612,1228297.253,2901
316459.9587,1214467.429,2902
316290.5585,1177178.341,2903
316699.2587,1238129.878,2904
318479.4063,1236937.867,2905
318443.8675,1219647.831,2906
317233.3803,1242547.216,2907
317114.6881,1222256.337,2908
317259.173,1201287.149,2909
295030.7714,1162355.692,291
317786.7752,1263495.877,2910
317475.0097,1199498.491,2911
317259.9771,1164489.125,2912
317639.2949,1212766.993,2913
317690.8474,1205240.245,2914
317967.4205,1252115.86,2915
317602.5873,1168510.182,2916
318029.7896,1224368.457,2917
317866.5214,1183501.055,2918
318016.0615,1176709.463,2919
360654.0699,1247736.817,292
318580.0738,1271789.324,2920
318575.9101,1215919.969,2921
318463.0317,1192936.503,2922
318565.8152,1209823.278,2923
318458.7452,1178205.575,2924
318725.1607,1198040.124,2925
318963.0037,1239899.334,2926
318954.8035,1232545.465,2927
319261.3084,1268811.828,2928
318727.2312,1171094.446,2929
355673.0465,1241649.302,293
319010.4595,1208551.332,2930
319336.8759,1226041.178,2931
319248.2928,1187865.4,2932
319147.361,1163786.917,2933
319507.6437,1228459.949,2934
319457.3586,1196815.16,2935
319533.5745,1200129.887,2936
319980.0582,1252265.059,2937
319998.5927,1244617.655,2938
319873.1688,1173977.772,2939
297586.4614,1155068.839,294
320052.7332,1180287.396,2940
320000.7395,1159561.66,2941
320692.0825,1259325.441,2942
320791.5954,1236900.237,2943
320451.251,1169265.773,2944
320541.4569,1210674.844,2945
321130.4956,1282389.557,2946
320795.3394,1217607.061,2947
320661.0901,1183259.174,2948
320953.2502,1221389.263,2949
383692.5919,1249827.404,295
321161.398,1240659.185,2950
321421.6964,1261263.913,2951
321157.9225,1194788.025,2952
321613.3316,1288606.633,2953
321505.3129,1252306.268,2954
321704.3263,1284321.219,2955
321503.4648,1215338.333,2956
321473.9175,1198929.212,2957
321643.8369,1234942.583,2958
321901.6299,1271644.294,2959
385325.8083,1245141.909,296
321601.9456,1225114.474,2960
321591.6403,1214231.62,2961
322029.2368,1273417.67,2962
321878.2819,1241360.555,2963
321713.0797,1204979.677,2964
322032.1997,1223298.949,2965
321962.3295,1208917.223,2966
322260.5779,1243278.125,2967
322057.0109,1171636.084,2968
322579.6398,1228012.678,2969
360852.2676,1233962.403,297
322837.6321,1264567.875,2970
322693.923,1216983.452,2971
322936.0687,1245860.401,2972
323183.5741,1244436.475,2973
323201.1834,1192741.188,2974
323348.0818,1201581.026,2975
323441.2408,1218136.944,2976
323822.0733,1279043.942,2977
323581.0208,1221677.194,2978
323918.7462,1240153.585,2979
351304.6137,1253446.792,298
323846.7404,1194522.913,2980
324332.0635,1268785.619,2981
324308.5613,1256792.552,2982
323890.9427,1167066.322,2983
324356.516,1243263.979,2984
324329.3199,1233523.128,2985
324102.1548,1172389.472,2986
324514.8657,1236194.299,2987
324294.6722,1195807.767,2988
324311.1682,1188471.689,2989
417626.4209,1269657.968,299
324642.4482,1225192.351,2990
324530.8111,1186171.515,2991
324455.2033,1163270.69,2992
324872.9687,1246943.667,2993
324789.3969,1222425.97,2994
324976.3873,1246094.267,2995
324776.1407,1198182.344,2996
324730.0716,1181684.861,2997
325035.3115,1220299.994,2998
325016.6586,1210188.276,2999
265717.9145,1159236.494,3
317273.2836,1139239.852,30
364510.648,1231111.371,300
324908.7155,1187886.723,3000
325354.7849,1262184.235,3001
325500.7459,1226487.676,3002
325524.9121,1217421.035,3003
325974.7616,1285328.059,3004
325686.0137,1161285.157,3005
325816.9089,1193843.535,3006
326130.1139,1241765.899,3007
326117.9113,1237172.456,3008
326055.627,1207520.547,3009
355400.9318,1241034.512,301
326269.9387,1215925.998,3010
326458.5215,1232225.123,3011
326316.8208,1177181.223,3012
326573.9524,1204508.703,3013
326975.7041,1220428.762,3014
327022.5277,1218095.032,3015
327215.7219,1244118.744,3016
326990.5978,1185938.322,3017
327555.7978,1279286.063,3018
327302.8043,1212973.303,3019
330239.4059,1193402.391,302
327670.0934,1237958.523,3020
327510.5817,1200476.329,3021
328103.5403,1280962.163,3022
327496.2547,1164268.291,3023
327913.688,1242066.138,3024
305855.1786,1160210.62,3025
305948.7921,1157733.695,3026
306875.3908,1294471.251,3027
306541.1118,1222109.913,3028
306545.7658,1210433.51,3029
374064.4777,1196696.993,303
306260.1107,1145654.237,3030
306760.4701,1207382.006,3031
307235.0418,1279875.179,3032
307104.6916,1255216.159,3033
306953.3457,1216053.976,3034
307347.284,1285877.073,3035
306662.4792,1161511.258,3036
307118.9034,1212908.233,3037
307327.6113,1237996.119,3038
307127.4817,1199440.145,3039
369348.6288,1191939.784,304
307525.219,1250746.74,3040
307437.7565,1180254.249,3041
307744.4117,1229835.549,3042
307655.9012,1182536.385,3043
307965.183,1225615.247,3044
308059.9151,1244415.712,3045
307816.2557,1202865.81,3046
307742.5481,1186325.062,3047
308444.3872,1281276.929,3048
308216.364,1219788.152,3049
334042.739,1205552.186,305
308599.6216,1284199.918,3050
308152.8462,1201334.389,3051
308808.8818,1307169.194,3052
308701.5608,1247711.501,3053
308749.5124,1241371.798,3054
308580.8827,1183509.356,3055
308629.1085,1152279.842,3056
308953.7399,1218278.949,3057
308977.1188,1182233.031,3058
309139.8694,1207097.758,3059
365791.8167,1250616.284,306
309433.8219,1245534.379,3060
309322.9856,1216942.326,3061
309298.6909,1204346.763,3062
309633.8693,1253016.796,3063
310112.8003,1316805.275,3064
309506.0815,1176156.522,3065
309696.0068,1182581.543,3066
309864.9714,1195272.19,3067
309884.8572,1193551.832,3068
309989.5393,1208574.746,3069
371100.8264,1256034.627,307
309925.14,1183836.436,3070
310496.007,1318326.323,3071
310450.8676,1271337.166,3072
310287.1766,1226755.578,3073
310914.097,1315828.843,3074
311138.9605,1302727.827,3075
310307.2676,1157387.679,3076
310590.1948,1198301.764,3077
310862.7823,1211984.386,3078
310775.745,1191520.375,3079
394401.2282,1194683.574,308
310797.9735,1190003.684,3080
311011.8744,1218643.672,3081
311024.9045,1203837.314,3082
311250.8069,1241267.718,3083
310835.388,1160832.263,3084
311115.2165,1228916.591,3085
311401.3657,1237586.5,3086
311571.9913,1270107.335,3087
311410.641,1233314.645,3088
369638.9607,1166550.304,3089
328328.259,1215624.268,309
406571.8219,1304268.649,3090
408241.831,1149210.363,3091
416711.499,1260653.322,3092
416814.4856,1252336.459,3093
416840.156,1259564.149,3094
418953.0946,1261945.05,3095
419410.1715,1261624.094,3096
421835.8075,1255377.941,3097
423746.5768,1206584.55,3098
436670.1707,1288832.55,3099
356826.8255,1139191.545,31
367474.293,1256583.373,310
439055.2846,1289612.211,3100
440072.3784,1290164.914,3101
273898.8698,1251209.012,3102
277534.2045,1246610.577,3103
277653.1393,1250815.28,3104
278265.9792,1252105.173,3105
278331.9679,1248491.583,3106
283087.8008,1262158.463,3107
283298.9229,1169278.246,3108
284112.2614,1256192.228,3109
389912.388,1195898.525,311
284049.4745,1172612.071,3110
284812.9119,1168858.086,3111
286023.8907,1257235.3,3112
286147.7148,1174670.746,3113
287121.6147,1261141.115,3114
288681.2062,1263609.651,3115
288627.8277,1167329.84,3116
290053.8201,1222061.999,3117
290580.0426,1285888.684,3118
290756.097,1290937.742,3119
322727.1186,1180204.69,312
290509.016,1220344.56,3120
290860.765,1260238.622,3121
291406.7891,1227951.114,3122
291689.1926,1225334.81,3123
291890.3189,1220999.473,3124
293549.3636,1193698.779,3125
294247.6656,1290112.611,3126
294864.3647,1193153.578,3127
295110.6317,1190470.949,3128
295633.3878,1190703.466,3129
329352.2138,1190776.832,313
297488.4311,1216498.261,3130
297453.6219,1194258.407,3131
297510.7353,1192213.954,3132
297760.9107,1189645.954,3133
298319.6896,1213514.5,3134
298795.0771,1196954.16,3135
299787.2367,1195990.364,3136
299883.1319,1192321.508,3137
300738.5803,1194413.531,3138
301233.4536,1217744.529,3139
331111.0561,1184795.145,314
301306.167,1191266.448,3140
301444.3926,1209511.394,3141
303272.7204,1209158.905,3142
303368.398,1213547.027,3143
304058.9006,1210915.175,3144
304195.2707,1215807.16,3145
304672.3706,1214590.423,3146
304939.3232,1185155.084,3147
327833.6617,1171971.465,3148
328417.2287,1259407.201,3149
332248.0452,1189362.254,315
328054.8918,1173516.583,3150
328600.8865,1253704.748,3151
329462.3711,1257289.653,3152
329220.2063,1171290.884,3153
329721.3148,1167244.057,3154
330949.4315,1260144.744,3155
331040.2104,1173515.004,3156
331607.9683,1258721.704,3157
331358.9823,1168662.833,3158
331476.5526,1171272.647,3159
396389.4413,1242242.961,316
332323.4808,1283335.939,3160
333447.3269,1257894.625,3161
333468.2898,1164221.803,3162
334168.3211,1259255.195,3163
333849.8023,1169371.922,3164
334066.2472,1173718.833,3165
334824.8119,1173404.95,3166
336057.026,1283456.242,3167
336171.7069,1287485.28,3168
336141.6364,1173020.512,3169
379881.3748,1193528.067,317
336568.1203,1166231.341,3170
338943.5811,1169261.196,3171
343944.1067,1304848.962,3172
347099.1169,1300582.525,3173
347711.7849,1293743.781,3174
349712.0123,1294569.833,3175
351586.6146,1292184.649,3176
352982.8701,1293391.398,3177
415557.5305,1263625.748,3178
416555.5981,1261937.207,3179
396571.8546,1184951.604,318
426080.3811,1237557.99,3180
308439.9077,1181488.317,3181
321891.7377,1278961.569,3182
346047.5851,1294926.622,3183
351072.4473,1294495.757,3184
358413.6126,1360203.954,3185
365169.8308,1168183.061,3186
369391.132,1332272.72,3187
385848.8132,1261826.178,319
337314.1096,1139197.985,32
354945.1098,1255737.47,320
412243.1759,1275252.321,321
296464.937,1166377.295,322
339615.7845,1193823.708,323
375363.1548,1187750.803,324
309593.035,1141685.881,325
384882.862,1240776.9,326
370599.1687,1189423.623,327
355950.4481,1253125.409,328
366228.3434,1242868.926,329
325926.0564,1139831.465,33
302828.3059,1179847.939,330
308372.7868,1156193.475,331
330434.4553,1213215.061,332
316876.1604,1196410.01,333
342695.6375,1194448.918,334
394518.2238,1185662.519,335
331070.7556,1254827.845,336
361892.6274,1199836.333,337
337436.1223,1196750.451,338
343608.7278,1205849.118,339
328404.1601,1139749.962,34
324480.9054,1251977.364,340
306133.2542,1233779.408,341
336857.9936,1210509.353,342
347648.9556,1207783.699,343
394289.1702,1237693.27,344
330140.3455,1208478.459,345
326833.9026,1238718.987,346
319792.9837,1219867.636,347
390938.1071,1248566.927,348
312494.3462,1263328.41,349
340044.1234,1140176.563,35
368265.068,1223697.683,350
358246.4369,1246374.853,351
368840.387,1242783.108,352
293152.9369,1247820.736,353
303092.5447,1225852.837,354
328788.3671,1232027.208,355
315797.4924,1222654.538,356
299425.1179,1216094.312,357
328459.9839,1221517.645,358
375315.3205,1203839.108,359
320204.2109,1140849.949,36
378109.2143,1203711.611,360
351567.8489,1199641.893,361
278810.8772,1173645.44,362
331023.0448,1252110.912,363
412398.0241,1224587.413,364
413758.3909,1226634.657,365
409879.9149,1220808.465,366
412904.1701,1222955.505,367
328426.4976,1176578.157,368
412682.9723,1235707.548,369
346904.5142,1141083.638,37
356604.3582,1171125.573,370
422993.4078,1196222.944,371
433413.7794,1215565.772,372
438268.6232,1155032.603,373
431407.7523,1214591.711,374
438537.6261,1151992.576,375
430978.4072,1159696.938,376
433654.0371,1210899.075,377
436543.5806,1156098.673,378
436497.6549,1213448.408,379
358308.8463,1141170.217,38
437382.6311,1152421.097,380
425390.5931,1209470.072,381
429987.551,1176368.031,382
434271.8348,1159253.426,383
402741.9108,1152995.454,384
430250.5167,1162071.323,385
432703.677,1157211.222,386
416129.0433,1176184.491,387
351761.058,1159914.323,388
418464.3421,1173995.311,389
349979.8544,1141224.339,39
418557.1053,1175412.686,390
421849.3552,1167488.919,391
418343.8029,1170463.2,392
428775.2467,1160286.225,393
437214.5926,1187465.211,394
412105.1116,1176202.771,395
390903.1133,1142843.066,396
414080.5444,1174340.219,397
412447.719,1173046.051,398
424195.4908,1173698.532,399
332099.3865,1285883.345,4
343623.5166,1141372.617,40
439577.4343,1184875.697,400
436776.8171,1185076.978,401
409608.3107,1173713.501,402
409878.1273,1158462.455,403
440219.6015,1183114.465,404
434259.8896,1185265.341,405
431443.08,1149258.863,406
279002.1113,1162874.805,407
406232.6116,1154128.084,408
278255.6137,1163760.152,409
370875.9646,1141415.828,41
411155.526,1157055.045,410
408318.0468,1154117.156,411
415020.2898,1159797.892,412
433786.2323,1188268.424,413
434839.0363,1191706.777,414
432683.3359,1191047.834,415
435866.0468,1187826.952,416
352047.2435,1163371.225,417
434578.9242,1195133.955,418
439537.2407,1192476.546,419
331896.7529,1141627.794,42
437496.6863,1194862.316,420
435461.4753,1193898.268,421
352330.7772,1241470.382,422
315746.9178,1260864.478,423
439878.8297,1206304.691,424
442613.3399,1206159.33,425
440344.5476,1193183.831,426
423876.3649,1193538.5,427
427918.0341,1198468.464,428
425268.4057,1192337.758,429
316364.6996,1141778.644,43
436129.2423,1206273.955,430
437717.3762,1202215.491,431
426724.3435,1193508.896,432
278967.8459,1155119.908,433
430894.5644,1200150.559,434
329788.1739,1244112.046,435
425874.9608,1195942.29,436
324335.8169,1161464.332,437
352083.3534,1190008.99,438
277368.9948,1166718.927,439
337961.8826,1141809.847,44
319794.4401,1152136.183,440
315688.0306,1252507.038,441
332386.281,1174565.953,442
289287.2077,1168643.851,443
312471.5373,1155278.307,444
330908.5482,1233908.752,445
313976.5641,1252216.753,446
322053.986,1190050.215,447
312156.6816,1255767.809,448
306911.7917,1258116.002,449
322795.7897,1142566.974,45
333231.4994,1177758.126,450
393878.7925,1155273.058,451
333652.2905,1230451.278,452
327347.3462,1245998.971,453
335366.534,1246176.837,454
331994.1864,1242451.672,455
340565.6978,1239489.178,456
329721.8232,1245289.889,457
325489.5016,1233412.423,458
333546.9944,1238560.028,459
374392.4847,1142560.541,46
407322.4487,1245933.518,460
343010.2181,1236620.225,461
343266.4612,1231776.434,462
384382.0393,1252519.448,463
396547.9871,1153298.608,464
340202.9687,1247558.454,465
405067.285,1169979.62,466
339592.6374,1248739.803,467
386725.4205,1249408.992,468
346335.3799,1256957.479,469
318562.1155,1142861.24,47
339555.166,1259456.175,470
336651.9135,1266786.511,471
345396.407,1265252.924,472
340844.5129,1270931.568,473
390208.5057,1240476.333,474
404946.0793,1246360.066,475
397316.5593,1239035.949,476
395144.3627,1246951.212,477
393577.7618,1239424.241,478
396628.6682,1248633.452,479
362995.7444,1142890.274,48
422943.7208,1193544.976,480
434190.6901,1153871.288,481
365156.9234,1172872.217,482
395617.8223,1154528.579,483
395524.0248,1151285.039,484
385323.8198,1164474.854,485
353751.8515,1188649.957,486
392227.414,1156601.173,487
363413.2574,1175496.851,488
354660.8947,1182794.172,489
356688.8609,1142939.233,49
389432.5137,1161272.952,490
375128.8255,1169737.229,491
374963.6072,1166366.677,492
416552.0056,1151261.163,493
423173.8546,1146048.929,494
356827.5632,1193329.245,495
350506.8594,1190714.043,496
417744.8731,1150738.322,497
421409.2298,1153713.33,498
412482.2884,1274216.109,499
304251.2928,1179142.051,5
367591.2219,1143518.754,50
419418.43,1150309.045,500
360676.3777,1192250.533,501
422298.947,1142975.543,502
426275.7399,1154411.204,503
366402.1938,1194103.525,504
394539.6728,1170239.944,505
418510.0569,1188237.609,506
431533.3879,1153415.716,507
427816.694,1158721.709,508
413948.7581,1185258.904,509
347629.7856,1144077.781,51
439526.4968,1296904.432,510
446021.255,1287573.087,511
411501.3189,1205075.999,512
425217.6198,1276547.806,513
406193.3442,1189036.043,514
416146.0339,1278473.98,515
406915.1163,1209236.297,516
412393.7099,1188790.056,517
420135.7177,1177005.054,518
415743.917,1189741.103,519
329645.5333,1144239.923,52
408312.2023,1207630.025,520
403613.2625,1192849.923,521
406949.8255,1197908.982,522
410388.9393,1200016.971,523
402144.4814,1194726.239,524
405025.5238,1195371.197,525
399587.8646,1211122.035,526
410048.5432,1213356.693,527
423787.0736,1203516.087,528
418517.5366,1204055.473,529
335346.1958,1144406.673,53
422167.2037,1204824.244,530
399865.3812,1212662.11,531
420889.524,1200902.685,532
322159.123,1229860.537,533
317358.3161,1225814.711,534
414468.1187,1196504.558,535
378701.8045,1208682.81,536
420893.2618,1194675.975,537
384166.665,1230554.033,538
426810.6927,1201274.861,539
338070.6295,1144448.37,54
391826.5113,1233855.653,540
416142.6262,1183811.437,541
425798.112,1207071.318,542
419189.0693,1218332.904,543
425247.2624,1207194.274,544
398974.9021,1230883.701,545
425197.3318,1191127.715,546
406736.54,1226414.82,547
380950.4769,1224426.555,548
424774.3452,1221128.79,549
325063.9873,1144607.242,55
399299.5199,1223839.897,550
402541.2507,1224563.222,551
276061.0315,1252657.681,552
384334.483,1223486.186,553
384586.8225,1200639.998,554
379263.9467,1200948.617,555
342772.3216,1250716.551,556
324538.9731,1230393.024,557
341548.0267,1249808.09,558
347923.4661,1239865.779,559
345391.0836,1144609.531,56
323246.4644,1225831.604,560
350941.6244,1242082.151,561
319782.0269,1224404.755,562
398373.032,1173498.766,563
347126.0303,1236989.759,564
397820.1207,1167015.574,565
358387.3472,1241795.62,566
347865.4222,1241290.149,567
399246.5466,1218872.297,568
354356.7805,1240794.52,569
327272.3181,1144694.618,57
358842.7248,1205702,570
361944.6972,1243712.99,571
337569.967,1208245.786,572
364369.753,1241356.156,573
360645.5271,1241281.254,574
363474.8335,1244576.339,575
396167.1543,1170509.361,576
400033.3496,1169153.067,577
401222.2359,1168045.15,578
356693.0333,1223511.081,579
342761.4673,1144725.203,58
359053.4011,1231985.825,580
343302.314,1198976.722,581
380991.7011,1174028.397,582
380371.4253,1193010.462,583
405890.931,1168163.697,584
432440.1029,1150992.079,585
359204.4034,1248930.327,586
367435.6737,1217847.469,587
379635.8504,1196595.267,588
381152.0962,1191246.533,589
319297.4606,1144984.748,59
367925.7846,1211334.437,590
339845.264,1205539.132,591
332577.6526,1203531.891,592
342144.4116,1202243.335,593
390350.6675,1175811.738,594
400892.0175,1186385.44,595
376991.0188,1196630.752,596
392353.9042,1177659.532,597
388200.9995,1186166.594,598
379927.0638,1195290.323,599
280321.362,1158333.589,6
355879.7353,1144998.627,60
322562.3302,1248373.766,600
413841.077,1205882.365,601
394703.6873,1180069.239,602
391638.2859,1183958.968,603
400032.1318,1187207.948,604
356038.6609,1250971.802,605
416932.8019,1228371.087,606
344061.6282,1212041.893,607
375507.8952,1219646.349,608
335917.676,1211995.316,609
358490.1552,1145178.357,61
378511.8988,1191587.424,610
378457.6804,1139937.806,611
337855.5636,1211442.866,612
354358.1985,1211848.217,613
359216.7898,1216703.289,614
415558.9917,1336137.434,615
380628.1581,1144926.039,616
396611.2388,1215009.443,617
356287.7757,1215132.503,618
375799.2232,1191105.009,619
344341.8996,1162533.965,62
346002.3233,1211193.884,620
333573.4439,1186859.053,621
351055.5762,1181515.269,622
388565.6232,1218611.656,623
360238.484,1210921.492,624
334793.0846,1140869.018,625
370635.9485,1221005.1,626
382084.1791,1218875.914,627
389113.0839,1212690.954,628
351460.0985,1179186.603,629
364407.4135,1168836.67,63
321940.8749,1186632.771,630
360480.2788,1223951.53,631
326213.1228,1183837.437,632
318926.3187,1193300.557,633
425778.3745,1338200.727,634
418421.2346,1343632.47,635
425773.1282,1338632.876,636
419365.9704,1335829.692,637
386876.5359,1146873.918,638
406764.8755,1331304.776,639
350804.2116,1174377.297,64
331978.2594,1138918.2,640
418410.5586,1322495.467,641
415876.1816,1322439.546,642
356757.3349,1119547.116,643
378273.2263,1144734.123,644
410597.2447,1320857.671,645
411868.7332,1322933.755,646
432157.6825,1308294.478,647
380085.9531,1126122.9,648
360280.161,1127342.16,649
349774.6642,1175199.35,65
350971.0762,1104659.238,650
413801.222,1130105.507,651
307434.7745,1147939.114,652
312771.6431,1133568.927,653
304194.2283,1148854.159,654
332805.1652,1144618.983,655
309503.9161,1170370.571,656
327406.5823,1142523.881,657
317988.9352,1191061.939,658
316101.4458,1137338.215,659
364404.5739,1177679.153,66
282042.4188,1146346.995,660
430214.3635,1141779.464,661
340251.4073,1153560.252,662
283112.2494,1145119.466,663
280875.0185,1160286.803,664
412722.672,1238325.293,665
287522.0538,1155875.873,666
285981.4108,1152686.559,667
275923.655,1162248.404,668
286210.677,1150138.046,669
369149.6234,1185844.347,67
284922.5925,1156406.247,670
250365.729,1155465.184,671
283523.7894,1158878.331,672
275588.7247,1159375.911,673
288193.6256,1156236.704,674
283921.9152,1153302.575,675
279344.2409,1160470.694,676
264486.5505,1177097.607,677
430399.4683,1139186.996,678
274717.3853,1162157.395,679
369100.618,1187359.895,68
266008.4249,1163833.291,680
263381.4185,1159724.836,681
432753.7607,1135423.156,682
269570.2409,1161321.177,683
268582.7351,1165643.797,684
429676.719,1130174.104,685
280921.843,1255665.144,686
251180.711,1162594.077,687
416485.3326,1286120.404,688
415170.7939,1237946.907,689
360603.3246,1195275.855,69
418133.6428,1238561.525,690
438437.1706,1288719.517,691
397616.6182,1158710.706,692
422691.2811,1306075.225,693
422950.3692,1248396.753,694
437002.4484,1299942.102,695
447694.6923,1300127.03,696
449065.774,1285307.964,697
437197.0756,1291525.176,698
419038.7907,1270501.286,699
280561.8854,1169684.019,7
372436.3657,1199551.066,70
449897.5135,1282889.484,700
444407.0848,1289355.622,701
421232.159,1272331.149,702
419094.7949,1153132.65,703
406604.8427,1222106.932,704
333847.6605,1170327.482,705
340487.1267,1173032.572,706
414750.0443,1238453.103,707
416596.43,1235027.448,708
363836.3656,1192445.612,709
371961.161,1211231.188,71
295889.7676,1181450.98,710
407843.1489,1237327.528,711
430161.9312,1208134.608,712
360975.0102,1189095.424,713
408626.52,1222475.407,714
305811.7085,1179717.154,715
311133.4272,1177329.627,716
286638.3083,1177654.325,717
345000.1705,1171843.97,718
293624.0482,1170162.961,719
370447.6152,1211108.553,72
382323.7191,1261277.727,720
315809.24,1174826.189,721
301526.6447,1180924.041,722
321816.0937,1175755.806,723
380526.8222,1168700.403,724
416758.3231,1140162.513,725
416231.4267,1142264.654,726
422836.7889,1155869.358,727
423761.6934,1153015.574,728
385820.4741,1170373.457,729
369136.746,1211827.026,73
418214.1843,1140761.961,730
384667.7673,1170157.275,731
389141.6815,1145616.683,732
414987.7307,1138534.76,733
415520.1609,1139560.172,734
423908.382,1147607.162,735
342598.1933,1252845.978,736
424861.866,1211886.33,737
363779.5068,1256420.105,738
419899.0562,1145326.5,739
373693.3048,1219415.224,74
390584.2898,1254157.576,740
421890.6883,1150769.89,741
379497.4117,1256070.648,742
341070.0864,1262998.509,743
339711.3063,1265756.246,744
401246.0085,1143182.574,745
338764.7801,1264582.083,746
410618.9438,1150068.306,747
335753.1736,1257760.877,748
408269.2044,1150500.049,749
360147.6668,1226009.518,75
334490.9275,1254071.542,750
418112.4901,1210785.48,751
420935.8295,1213377.294,752
411084.1021,1211628.849,753
430308.344,1211264.086,754
421787.4128,1213828.882,755
428603.2502,1207975.991,756
266365.5481,1289204.158,757
271054.9742,1286262.878,758
428040.2865,1137531.483,759
360153.0549,1228204.478,76
267572.7973,1293449.69,760
312846.8875,1185384.995,761
321512.7692,1166626.615,762
309455.2189,1181660.804,763
385600.7438,1143570.065,764
347202.7342,1148245.167,765
431103.3694,1131808.705,766
334822.8868,1160711.909,767
266601.9566,1286826.539,768
306670.1816,1169145.255,769
356690.9494,1230429.544,77
330000.6709,1158276.936,770
430576.0057,1139677.81,771
254420.2378,1274828,772
425317.3924,1133387.603,773
256230.215,1274985.236,774
254420.7989,1280495.241,775
260168.7171,1285849.473,776
269696.2943,1294070.043,777
268896.6971,1290757.242,778
366085.6341,1206851.756,779
361183.5112,1230027.339,78
270633.4699,1293449.57,780
261028.8965,1280939.834,781
266541.2433,1275628.863,782
261258.4498,1275767.342,783
271362.3124,1252572.744,784
424914.1387,1250107.216,785
397058.8401,1160376.777,786
286049.7842,1243778.876,787
266480.0437,1279775.754,788
269166.7439,1280296.252,789
373562.0377,1235390.596,79
285871.5897,1259140.02,790
419770.2786,1287527.316,791
420146.9922,1249025.869,792
278913.2516,1279413.644,793
416809.9852,1283362.757,794
275891.7121,1280808.966,795
395612.4227,1158679.005,796
414947.487,1316053.694,797
418912.4848,1285597.704,798
417529.2803,1255540.238,799
301374.9284,1197746.457,8
336083.8967,1315316.42,80
368409.6934,1219527.801,800
398841.4378,1164065.737,801
432247.3141,1285305.466,802
427911.0338,1322455.494,803
404178.8264,1295653.693,804
375065.3784,1207378.481,805
397678.476,1154913.974,806
447755.075,1277406.752,807
408253.4752,1304086.464,808
425874.3177,1303432.495,809
333706.2534,1309120.16,81
407541.5413,1292316.81,810
419994.2243,1327132.213,811
392552.9064,1288238.456,812
381989.2176,1154429.21,813
414181.7157,1288482.055,814
425248.716,1287460.599,815
411906.6414,1281413.404,816
406562.3797,1295901.638,817
431232.6627,1282870.897,818
396999.8572,1220137.51,819
339754.8044,1148629.156,82
432408.3255,1288039.294,820
424817.7855,1290833.892,821
301875.7974,1199564.732,822
335708.5282,1224623.185,823
432342.0135,1282389.539,824
300163.4255,1198116.954,825
445579.0149,1284406.225,826
427285.8023,1185446.657,827
395340.117,1274393.287,828
412935.386,1275083.824,829
323481.7292,1149301.737,83
429436.166,1145704.145,830
411677.7641,1279150.064,831
430744.5593,1144199.935,832
428000.3239,1138470.404,833
395170.5842,1276908.808,834
328371.3623,1248824.324,835
426169.9684,1146829.098,836
395802.3721,1124451.869,837
379962.7038,1151050.776,838
377791.8827,1150907.849,839
331244.1625,1146077.917,84
412072.7632,1132607.282,840
354475.57,1148801.49,841
358152.8822,1150678.891,842
377311.3814,1153020.616,843
374922.0756,1150496.964,844
319577.1424,1247966.076,845
365896.8741,1148357.665,846
427347.4016,1149730.482,847
387803.7502,1150698.988,848
389015.0619,1154805.957,849
359945.2723,1144590.064,85
295598.9875,1188846.934,850
309075.8119,1222314.869,851
380136.9226,1156370.704,852
380800.04,1160291.054,853
378947.4103,1154400.554,854
314065.411,1221767.361,855
323352.4043,1249480.051,856
314630.0531,1229913.104,857
317160.2536,1230086.307,858
314671.7436,1234708.934,859
361096.2414,1144164.826,86
326146.2002,1247956.33,860
326977.1727,1250167.546,861
318202.8488,1241207.534,862
319595.0289,1247767.148,863
321858.1022,1249006.896,864
318854.0539,1204384.277,865
335125.0563,1249448.332,866
292616.3237,1182220.041,867
320829.0561,1207238.847,868
337565.2618,1252078.138,869
339635.604,1143515.399,87
331691.2211,1249371.279,870
309919.8914,1202146.015,871
321362.0417,1209859.9,872
316615.7555,1204645.339,873
318729.6323,1211765.616,874
419838.5715,1181977.745,875
299145.7995,1189929.888,876
298750.6667,1158643.533,877
349324.2607,1227246.458,878
421673.0264,1171082.57,879
324755.2784,1150357.38,88
297855.4295,1177500.095,880
409802.2677,1177513.558,881
289597.6816,1161966.325,882
290852.9753,1172557.357,883
338684.548,1230102.312,884
301115.0026,1158057.779,885
417814.2187,1178899.249,886
292710.8818,1152061.134,887
295143.0875,1176477.639,888
332893.1092,1222259.674,889
343569.2468,1154564.097,89
337450.76,1224731.33,890
334780.571,1227631.204,891
422791.4877,1183289.966,892
291482.8124,1151841.275,893
425823.8478,1171960.467,894
423882.1799,1169937.421,895
432409.3055,1179534.818,896
330675.8698,1223862.842,897
437238.6389,1172190.576,898
420520.7312,1182929.53,899
345715.5732,1200543.16,9
341948.929,1163352.145,90
420075.7869,1182906.867,900
437377.3703,1174664.519,901
432679.0713,1169644.672,902
427285.3465,1168002.705,903
434788.8108,1176209.839,904
425766.9207,1183112.32,905
407540.6934,1176962.715,906
414259.8808,1179484.859,907
422171.0071,1184999.865,908
416148.0546,1181001.295,909
361936.3155,1162172.622,91
402168.7403,1180405.531,910
430133.9144,1183549.299,911
318769.9119,1256211.003,912
434735.2059,1193341.623,913
300306.8498,1210967.37,914
413826.4693,1126579.72,915
410260.5617,1180406.982,916
435932.7108,1196416.195,917
323249.3913,1255127.309,918
432121.8099,1194970.225,919
371883.3348,1162705.109,92
320903.6663,1256523.223,920
412748.6578,1178345.163,921
376027.8362,1232525.695,922
434179.0784,1198655.825,923
319464.6906,1257814.672,924
445516.2891,1285541.758,925
435520.3963,1199555.825,926
324612.7468,1238315.552,927
325295.6014,1255594.507,928
434537.3127,1197148.857,929
372298.2816,1170504.926,93
361938.9148,1222374.613,930
358878.238,1226727.988,931
358777.6498,1229920.888,932
376663.664,1225679.144,933
418825.2168,1200265.525,934
363315.5266,1221927.046,935
352682.9868,1220813.165,936
334769.1121,1215877.081,937
319802.7564,1237848.787,938
342496.5564,1216578.313,939
368760.363,1168558.943,94
343656.4774,1221589.566,940
353076.7575,1219469.219,941
298071.704,1219271.95,942
404371.954,1228644.171,943
341600.1747,1223520.056,944
399723.6454,1229675.718,945
319977.7325,1234861.073,946
347495.6695,1254647.58,947
400619.8002,1229456.678,948
387717.4311,1229980.855,949
352181.4756,1169503.024,95
400854.1313,1148336.2,950
302418.5069,1218807.516,951
349339.9919,1246314.025,952
334251.6851,1197393.026,953
356595.4032,1212895.39,954
334224.6909,1270254.208,955
331294.6636,1207958.504,956
351006.014,1246107.999,957
334734.0011,1202846.645,958
428042.634,1274925.5,959
372513.0385,1173692.839,96
320317.0188,1265746.407,960
324575.9434,1282470.581,961
326856.9762,1256580.862,962
348872.4953,1253563.895,963
316097.4317,1278259.324,964
441060.4149,1189385.572,965
329579.0972,1286592.341,966
331638.6488,1269948.73,967
324642.0282,1258971.491,968
434083.0705,1296928.055,969
357557.6048,1175649.897,97
441852.9331,1190316.228,970
443126.1443,1192648.799,971
432320.1308,1204140.093,972
378718.3468,1175927.838,973
378727.1377,1174378.203,974
434637.0012,1202725.729,975
442072.0232,1198006.426,976
399827.401,1150241.569,977
382036.4594,1178763.123,978
436978.119,1200711.438,979
364812.5267,1175060.566,98
397137.9264,1142515.59,980
380412.1458,1180489.7,981
420249.3628,1196294.911,982
431616.6741,1202835.762,983
384261.7929,1179708.948,984
380558.1343,1178615.774,985
432102.509,1206593.539,986
446587.1958,1283299.564,987
439332.815,1199773.621,988
437189.1051,1200268.234,989
356279.7799,1176023.155,99
445488.0807,1280628.721,990
443849.4045,1304981.774,991
432548.2962,1310015.025,992
436716.7237,1294731.781,993
432308.9238,1296101.432,994
448216.6842,1302885.293,995
455893.6698,1286749.728,996
456358.7331,1283803.818,997
404859.8389,1335520.239,998
410009.7745,1343804.597,999
