id,pop_density
1608,87.36692
1711,81.74723
1704,80.21282
556,199.55602
1695,160.97667
1888,60.96045
2771,52.16795
1689,103.34458
935,88.74894
1708,75.25007
2008,73.58744
2291,99.72882
1381,77.87392
366,77.49698
2243,84.53373
1316,124.07188
2366,125.55207
1707,69.81288
945,58.34167
1615,99.33482
1522,14.87803
1617,55.58657
1320,86.9637
184,110.24181
918,49.01153
6,357.23792
2976,191.48587
1183,164.50114
2276,73.70778
2226,111.63647
568,87.13742
707,97.76771
2007,119.29573
1210,289.4982
1295,93.91032
2914,66.23569
1190,84.13519
2353,228.74887
940,328.92984
1694,102.81898
824,109.91608
2864,87.49407
3149,51.18367
650,94.47603
1758,357.68234
1400,226.81744
1815,109.36699
362,83.12372
1147,68.77092
2283,99.35872
180,124.91777
1404,144.14719
538,93.6507
1414,28.37397
2459,76.17039
1479,89.4813
3013,59.13579
609,168.03542
2999,78.29387
1489,88.94653
477,33.34296
1371,136.82788
1072,515.19427
3067,88.28246
394,79.9772
424,80.61743
1611,183.77271
2515,81.14016
1379,57.56913
460,42.67139
1884,89.47881
545,56.64363
1324,103.8094
1388,62.22158
2169,129.05801
2000,169.04472
1260,65.75446
1692,98.98488
3183,130.34427
1172,117.22348
1356,124.56078
1201,450.27222
177,199.56142
1435,90.60806
1593,128.7534
1294,95.26823
2012,150.612
2781,83.1711
301,498.8678
2444,292.32483
643,182.23671
2706,155.69365
1625,194.03822
1717,88.35549
1359,83.38979
365,71.82865
1862,82.0638
2957,69.95991
2456,119.66254
2279,61.3525
1976,179.74672
1365,64.81747
1812,79.59933
1325,409.89001
1597,72.76518
3116,89.36378
1755,110.58051
2920,64.7066
771,132.10478
1924,94.57153
1424,88.07119
2179,178.59969
1413,19.00205
367,113.58627
2996,123.89037
296,228.04523
1024,70.25452
2452,70.14092
1583,244.75473
1784,185.88795
713,632.21454
2367,124.11568
2841,113.4018
106,76.33296
2770,155.58945
1175,91.32545
3009,82.13498
2899,116.12415
1382,78.98258
2282,85.43587
2220,598.99835
2250,107.22307
571,66.34855
1393,120.20429
2978,418.11023
2845,95.73333
2902,148.71602
1618,150.1225
2793,134.93391
3043,380.60904
2944,93.67011
2421,84.31872
606,52.30711
1410,22.07388
2451,170.78366
2378,109.41843
78,1190.54871
351,69.49695
1407,32.45344
2458,83.03496
1626,162.42564
947,104.36504
2923,74.61184
1398,65.29337
1166,78.54577
2284,107.2979
292,54.6958
1566,216.50099
2824,133.85713
631,173.0631
224,180.34604
1452,94.44292
2010,142.993
2401,391.59641
2430,225.5809
2772,150.11707
3019,302.0542
1607,120.99563
2619,44.63795
2383,123.00782
1375,61.04987
629,88.50471
1605,80.20192
1002,223.56993
3126,181.6031
681,123.78009
2884,203.74002
2643,22.48673
2277,70.52013
2150,67.6366
2998,298.75229
1338,83.06625
2870,117.47723
2693,148.77669
2017,97.43364
220,87.33443
2063,122.0835
1377,127.08712
326,154.76923
1318,70.32015
2363,181.09177
1416,69.98342
2509,85.12174
2667,76.15618
1086,96.3534
1756,126.89939
2198,179.50099
3113,330.68442
785,113.22615
2410,171.98099
559,211.4994
2027,194.27261
427,90.70126
1887,141.75458
2309,180.20166
727,111.42919
1581,426.17169
2724,164.40311
2204,227.46715
2661,80.93613
2206,200.02675
2687,26.65239
1860,124.12568
3102,238.41425
2633,111.88062
1302,25.83268
1486,98.81375
714,57.92662
2626,41.43645
18,338.3494
2442,52.11346
2232,160.25597
590,114.3693
1630,249.99239
426,150.89362
760,49.62815
1693,106.33949
1093,97.34853
1401,119.91356
1015,111.14148
1412,18.76834
1167,45.55526
3075,21.32269
2067,129.43831
1173,51.25513
1125,52.04223
480,86.10249
91,151.01463
1619,71.17192
3138,252.80476
2967,86.57398
465,226.11394
567,174.8763
665,74.33298
2272,102.51888
2028,105.82767
2968,70.87259
128,94.69336
2608,47.48477
1456,105.84984
2506,101.25285
558,186.04764
1935,107.51326
1620,85.84548
2918,172.92329
1429,72.49559
2448,104.46524
2241,135.34641
2249,100.54518
3007,80.35561
2554,100.50788
1710,92.65099
1433,86.77088
344,25.32706
711,25.85119
1448,132.61005
2419,84.54333
1428,105.84984
2471,40.60427
2354,73.74449
2963,86.57645
1342,93.67722
895,89.36059
2379,111.31232
1697,124.71564
2726,160.37549
1116,78.95899
2211,386.24731
2819,313.78659
689,82.27228
708,51.36745
2906,158.18774
2031,232.14102
2873,18.70417
1806,149.16908
1394,82.34564
2294,123.54049
3036,67.76233
613,92.30998
1485,106.62783
467,153.96828
728,216.30287
1284,105.35623
2141,61.00972
2728,136.8336
2362,137.03947
208,58.59881
188,99.65766
1706,76.4234
1092,100.82039
755,193.96201
2599,54.15818
1840,193.03589
1610,68.95959
377,70.18853
2644,71.57323
2472,220.05127
3060,71.79177
1751,102.90337
2598,99.27437
76,127.02147
456,148.72174
2528,196.66934
3161,63.86861
2707,191.30211
1188,66.59514
2239,111.86333
2701,66.58696
1380,67.993
1753,85.98412
1565,110.90483
1722,121.15813
1329,81.86913
851,143.24789
1834,97.97145
835,90.16186
1031,51.51361
537,99.9438
2009,109.47497
2381,75.26201
1536,199.67545
1947,80.46228
195,96.76743
64,84.99857
2058,323.5665
2550,105.57327
748,64.63472
1025,81.71715
2393,95.74454
369,66.23255
2275,134.34119
2617,48.05951
1034,60.2496
533,460.77808
896,59.06158
3110,140.99925
364,179.19026
744,40.38271
1421,169.87906
1511,65.30888
470,43.70394
1588,80.13969
2791,131.16052
232,103.91588
1886,115.44331
1641,226.83679
1164,41.82482
1386,88.01121
3173,209.86217
2722,128.88617
1389,63.43697
526,347.24716
1760,217.62837
1439,64.87417
539,239.35298
1422,108.75607
1549,174.29678
2828,285.83435
2078,81.37916
2304,3466.53442
1547,108.43787
3045,144.44949
2639,109.62534
1624,198.9832
1197,131.91667
1103,61.07183
792,108.50443
1018,101.85137
306,63.12111
297,101.64109
1502,96.64771
2077,115.01817
1457,133.53758
540,50.16701
2446,133.47809
2871,114.97858
2147,117.45171
406,129.38266
1357,229.84987
3028,119.3991
892,205.96783
1488,92.80141
315,66.191
1572,195.44193
1163,50.28228
2615,53.5955
2084,83.963
1606,131.62622
1700,78.22227
2601,56.36621
1825,162.47017
1078,126.32094
2288,70.24731
3054,110.67741
899,211.29889
1931,142.20959
970,80.19288
1328,54.67297
1746,253.80258
75,101.85495
1518,83.96878
1725,140.31374
1129,138.3132
1833,96.44566
832,96.9417
1443,61.63413
2289,409.91058
2281,100.49288
1587,199.7321
1374,77.47646
3057,222.34056
77,523.41827
869,91.40865
2530,64.27358
2332,99.3009
26,56.76732
778,77.92168
2671,128.90837
770,107.89279
1790,117.07863
1580,114.02804
250,204.63992
1252,117.36771
1923,196.06982
2248,387.83774
1397,123.10301
445,140.43451
2368,91.63303
1743,181.09764
1099,27.54019
2600,51.22888
1437,213.64017
178,58.9627
1042,71.21043
1761,202.53171
1309,50.0974
476,23.15583
1317,118.80224
506,97.56435
334,98.37157
2972,120.13265
2212,145.70561
811,104.82221
2413,177.52141
1395,77.39355
1623,190.59604
1351,1986.62793
996,110.70397
436,95.76668
1831,101.04124
1928,107.4698
1033,101.43966
2964,57.54758
1713,75.62417
1921,121.81789
2244,104.52195
779,254.14694
2934,315.00073
1095,46.86043
1009,121.33815
2685,259.33151
2307,120.81131
1579,89.0122
982,115.90414
2888,67.12431
1296,109.68272
2196,118.20861
1912,124.3913
1939,92.3334
1920,137.95047
1361,49.81419
1545,306.40909
1735,238.55696
510,650.55505
298,99.76736
2074,88.9425
1629,184.24692
310,132.83029
1633,123.07178
1402,136.81374
1406,69.59203
972,197.06563
1408,99.20556
922,94.55618
936,596.68927
2424,143.02713
1384,72.72082
2467,35.08943
1907,186.91695
1951,110.56721
1326,69.97592
2993,135.20676
2439,107.0668
2148,55.59191
2673,114.10033
2408,326.43326
2624,88.83458
2831,35.34619
2900,145.96057
512,306.40909
1373,73.45135
7,187.92149
898,90.21909
2415,149.43959
1330,177.95807
2422,83.32452
165,55.78408
3119,191.27925
878,300.61658
2749,160.88898
198,83.81142
950,80.37158
2499,124.66545
746,44.16323
2792,1189.95203
2945,93.9458
1926,114.95773
316,35.59747
877,55.97904
2500,68.69732
831,102.63
1614,105.3264
815,77.85597
573,63.18972
1484,286.3306
1776,506.70816
3014,162.84799
103,60.00546
2123,318.84979
439,119.35406
621,64.93534
2089,94.12585
622,76.09806
1047,22.30209
134,619.93719
551,84.80033
1600,130.05466
1515,233.39799
2218,101.10989
2507,37.81006
1445,87.08923
3179,258.65781
2531,402.72226
2231,90.44041
1723,237.54456
1762,101.91029
496,151.04047
3129,79.79365
2062,201.27289
550,71.2299
777,54.17641
2015,82.62125
2502,120.5366
3106,116.63017
1495,65.1923
1499,89.65257
2935,117.20144
3017,71.72457
941,445.62271
2251,113.756
1314,64.62125
3120,110.18842
1154,545.75079
1889,62.56433
2310,108.15573
1144,90.07168
658,62.54864
2295,142.32941
2264,98.96472
1169,64.4685
34,118.6261
376,127.86672
3087,46.47676
977,87.8862
2688,36.29972
949,72.98802
696,727.78967
1094,22.85079
1590,109.05672
1474,80.9099
1297,76.09985
1910,103.60217
1734,95.28158
2355,69.90301
1788,159.336
1766,84.50419
1603,85.60291
2513,131.50694
3147,186.25
819,99.4025
2889,277.99667
1315,71.17218
1096,33.71469
1940,68.61912
2932,71.81165
2697,64.63903
1158,81.31603
574,95.45115
150,151.52957
999,98.01467
1369,54.48927
686,215.80911
955,56.10097
2447,57.20429
1366,81.59814
1079,86.55026
1544,83.00024
2280,98.09394
1770,105.24977
1331,152.11253
738,70.67957
2003,107.83384
2224,166.71379
1764,118.74551
517,119.14616
547,45.66173
1894,90.02455
2429,130.28589
17,336.87924
466,219.99448
2684,306.42493
1390,82.34564
1763,100.84659
1035,58.3668
587,94.77191
721,79.68919
1533,126.26851
2863,37.17598
2563,104.70432
1248,97.77714
1740,89.78697
1932,62.90726
2268,107.71053
2974,75.15965
1066,126.54529
2484,165.10007
1968,156.24783
2723,179.54449
2939,112.03185
2560,172.91255
2364,353.50635
1632,239.32729
1546,116.12749
352,47.669
478,35.41542
1471,107.7598
1802,128.97464
1083,212.7547
2887,89.79658
1800,190.44142
1864,95.90372
712,79.06374
2773,82.47093
88,117.11583
904,138.15558
2854,28.80911
1077,176.85416
2416,66.4912
1159,53.30191
3157,61.12545
1300,41.92613
2951,51.79295
72,125.83204
2359,157.89813
666,110.3028
3163,59.5151
1537,206.04442
2032,691.55542
2995,205.91972
925,127.66037
2941,82.50632
2800,303.16867
1063,120.11168
969,280.26581
2919,182.86365
626,302.57755
1879,95.38214
2776,90.91123
503,391.58005
1176,187.59315
762,133.1357
630,131.41481
1153,241.642
372,60.09996
1282,226.2804
870,242.86569
3001,289.91074
1137,103.96561
507,162.69762
68,323.13605
2698,182.70987
1531,188.36288
288,82.4565
1893,140.46803
261,195.38902
2894,247.07651
2573,140.07117
807,125.39037
3074,27.05687
2443,268.49808
175,68.68853
2072,145.98195
463,310.03894
2437,90.28678
3016,97.4641
2360,218.96144
2269,105.36687
2779,42.36731
2242,114.19447
2646,151.23842
932,478.76517
979,152.19644
2609,50.19875
2949,211.16833
2602,47.71616
2395,121.59312
1933,192.636
690,101.19371
2725,126.99781
2952,82.51647
2235,96.01065
2308,151.69351
1827,96.44817
2372,173.4086
2810,42.1776
498,257.72131
2481,122.15003
1540,206.0641
2989,138.53963
2818,88.56557
1892,82.25455
2388,141.61023
1082,218.76163
3181,669.75781
418,470.09253
3052,21.12007
113,190.73735
2636,91.47654
107,204.95372
683,347.83902
1596,72.2802
1098,32.64415
720,224.99957
3159,179.57045
2632,66.3111
2390,173.3273
564,231.71375
944,105.03675
781,49.70654
3040,143.81111
280,27.88282
1744,101.8399
400,89.59327
2847,236.34061
54,512.75519
992,208.6104
1447,87.24338
615,119.0113
2835,131.9789
1157,74.89116
1080,49.93516
3079,53.74533
2245,84.97813
1062,169.06662
1336,85.00047
2090,112.61786
818,117.33242
1523,98.64363
469,95.4682
171,84.74104
2144,66.79893
677,93.52537
2399,120.03368
3166,202.73178
2278,113.14291
13,164.25899
1555,98.36386
730,72.84841
2537,41.01001
1460,109.23476
104,514.89252
2216,478.30508
314,71.28754
1156,82.17957
2838,78.73489
890,104.87395
245,568.71979
2151,182.1478
682,193.70268
2910,55.17036
2238,207.68587
1453,97.97958
2060,162.103
1064,133.29573
1122,49.1055
2215,107.03291
875,192.53572
388,117.33287
736,212.24898
2986,98.30142
857,138.02353
1791,155.62854
1466,38.67351
2752,166.68048
1627,257.66275
2201,32.11306
1497,141.64316
1782,151.0769
1754,78.18726
1885,156.8674
1957,65.29147
2655,106.25459
2197,312.93588
1808,269.35153
1209,101.3034
2880,18.97319
2892,122.67155
457,147.32552
322,75.54418
2525,414.73499
1039,85.79404
1919,145.10707
2168,116.28885
2210,330.13882
2799,209.74113
1052,80.49204
2627,80.71543
371,206.41541
1569,134.44881
1130,41.48128
3004,95.40887
1966,512.72943
2522,209.76724
1180,38.38478
2064,125.11234
1030,52.70103
2418,274.40878
2816,503.14838
2260,95.06139
2665,121.0736
93,241.89101
2066,180.20879
1724,77.01762
1628,119.14616
2658,89.22829
1444,108.36921
1293,219.22508
2271,92.38335
1519,69.62947
1155,81.3143
2061,93.93884
2535,213.03969
2457,44.02616
586,56.74831
701,245.202
2478,57.04962
651,89.52151
286,85.31254
2468,72.71902
1613,353.60013
1591,67.23997
2236,109.02097
101,122.97022
2881,70.90108
8,174.08409
1558,157.28682
2392,521.33539
678,132.10478
1769,141.29323
939,94.18177
1091,98.30042
2261,64.63617
488,83.0768
2477,46.86647
1283,213.08618
2959,57.61406
1634,262.19977
2982,129.54172
1149,101.42747
2082,232.23285
2086,85.97118
2203,118.20782
1179,187.59315
1513,113.72458
2131,202.35254
2679,176.04755
800,119.18273
2338,174.65134
1934,71.74319
1786,1696.60059
709,218.6241
978,122.79528
1535,122.50714
1333,104.2943
3025,64.30431
1307,90.30179
1512,48.33596
2908,431.22308
2205,131.25356
991,56.40764
452,117.06789
2766,160.06357
1160,32.56669
1741,85.42378
1612,79.78928
1978,106.3511
966,78.05783
1538,198.06111
336,77.66611
2495,154.17877
1358,218.77684
1219,174.3308
1994,501.79437
3021,245.8838
1321,68.37891
855,197.60884
425,81.76569
1311,75.82298
1061,136.43103
2782,211.45746
2928,36.41759
3081,148.73622
2523,79.98511
2254,82.28586
2653,157.83015
1280,167.56039
1106,93.02788
1811,88.61576
79,70.34413
1050,60.95182
1873,101.27162
1846,428.11536
1184,99.97816
1478,73.50406
2702,82.7473
2605,49.80769
1646,119.46349
448,156.49864
1900,75.1708
2629,79.83097
1955,202.33807
1659,422.56082
1712,221.31807
2969,995.92834
691,146.53081
1750,159.79124
2787,176.86205
3118,176.90436
2676,102.21549
768,79.10998
2222,92.37862
888,157.98271
179,68.29928
2597,68.80038
1126,45.45713
1276,236.08998
884,95.59713
886,152.87669
1322,181.4124
2428,100.18137
2414,119.18273
1450,82.9977
1037,108.51457
1432,85.30295
345,132.86909
333,181.84714
2689,128.1133
3026,83.93729
2938,91.30118
1576,109.10649
2331,2151.83252
2677,109.81736
2199,499.22751
1426,44.79322
948,43.92107
1102,67.46976
1145,87.86051
1927,185.69868
1501,90.91395
1483,112.86144
2874,49.16281
1577,351.9129
246,168.153
2202,174.48956
1067,176.48784
1133,111.9276
2866,68.37023
1151,86.60278
1963,68.67141
2527,116.41307
347,157.71426
3152,124.04401
1202,143.79832
1602,114.92197
2417,593.69635
1023,123.37945
1977,91.32092
518,99.6408
1690,112.44294
752,174.32356
1355,113.55043
987,215.71562
1514,243.46425
931,93.23672
435,148.54506
959,96.16711
2469,206.12056
2489,39.42415
2091,94.60179
1929,247.31049
997,117.05754
1046,86.12933
1616,189.61362
2083,80.57369
2699,43.84192
2946,2694.3689
3058,915.35852
2536,230.19926
65,73.0617
1969,72.29985
196,88.4312
2073,111.90477
1897,79.21208
2463,112.1215
2960,335.53305
1986,156.0782
1161,18.69259
1118,108.07247
704,67.94257
1748,199.80063
2662,144.81482
3156,139.96069
2022,69.105
3044,253.79607
858,131.88773
2559,38.26274
2708,112.91006
1105,91.19713
156,208.59517
961,30945.83398
2917,264.77484
3006,215.60785
1253,108.4339
1150,89.47837
66,64.37527
1442,128.02704
133,72.6477
1987,483.19565
3141,113.50316
810,119.86699
2966,68.61898
1187,173.65135
1014,97.01194
1455,105.17204
820,71.85916
266,130.94676
252,188.77269
2466,114.75407
1146,132.81639
985,265.20694
227,104.5601
1539,196.38364
954,108.50793
80,85.55183
2936,76.23371
1517,132.33582
624,139.05212
2794,190.12743
1985,101.22716
1676,29.42599
2485,43.70187
206,209.20395
1045,50.11337
1930,75.32658
1548,173.18294
1298,58.96441
3005,70.02519
614,110.59592
1742,111.15048
1114,120.62829
501,386.67255
1278,122.49918
523,110.56461
1804,173.32045
780,63.00516
1843,146.98842
2511,131.37363
1592,409.38022
2508,77.96748
2809,221.74684
2924,252.09679
1436,117.97771
635,87.25327
741,322.65952
2532,93.75832
799,232.82674
3140,121.55678
2604,59.24056
647,174.61813
803,80.13895
2953,
1475,70.22334
2553,166.73491
3049,185.45277
1747,76.31998
2634,87.66809
2625,90.48014
385,224.9518
3078,76.0126
739,130.9393
627,232.13564
2375,137.46973
1065,310.82086
1054,78.48643
2638,69.82518
1138,110.97678
2882,80.26559
497,343.83621
3180,73.96121
1275,145.853
1738,102.53807
237,89.77196
1440,66.40064
2382,198.62773
2398,123.06292
3155,31.06058
2669,114.67963
1200,721.42987
111,143.63661
387,205.11311
2334,111.03229
2786,109.5908
1367,105.45241
2797,113.40382
698,104.07893
674,110.3028
2488,67.00297
194,155.0415
1730,108.78098
1703,208.98979
2435,304.85071
174,153.17944
1005,197.3394
1068,126.82611
2411,116.21448
2715,2685.58472
743,30.67784
2225,127.62292
430,70.17917
1392,91.68134
455,287.70029
3038,88.45832
1020,113.96803
1463,280.93222
1121,109.19608
1152,104.08715
2768,63.59399
225,101.91029
2237,112.2707
1775,383.68594
637,97.62282
2521,110.96541
1668,87.84133
990,117.53252
1573,122.50233
1847,147.88071
3010,423.91931
3082,77.33788
2754,107.39365
320,80.62325
234,161.81313
1995,73.85119
1805,105.01653
2970,53.60886
411,274.50107
1216,168.82231
1841,123.74644
642,96.05486
84,62.45875
885,52.86244
2803,305.80386
2149,204.16147
572,188.66847
817,179.09785
2992,100.24665
3022,469.17734
1451,103.19949
1230,199.23798
891,176.54379
796,132.68365
328,83.7352
2714,115.40239
235,77.61403
1017,127.9001
458,146.72998
1643,349.30707
1715,92.65099
1838,226.21704
1777,90.75278
1204,109.66264
1716,174.38602
2955,70.97144
1852,70.92462
900,211.29889
1109,103.90553
989,110.97035
1609,121.95586
3135,215.76198
1196,91.71922
543,70.02684
1861,257.71286
3093,115.24235
1057,79.38626
649,253.26338
1021,111.85724
2878,77.17995
2195,74.91192
2623,43.47638
46,117.42868
2270,145.09215
1902,111.84798
71,215.41544
2377,102.77589
368,98.35776
3051,94.8255
745,117.6131
437,82.65419
1032,76.68385
2358,194.45985
2640,195.80472
2925,89.99012
2297,204.7469
2826,72.83834
1477,57.83736
2895,104.80058
2980,99.96286
1772,1489.83838
1185,267.50504
1949,61.38477
1308,84.67581
2922,102.30014
2804,129.19894
363,139.19386
521,150.47069
2664,110.58459
729,248.07881
2981,107.77628
845,139.66783
36,112.26124
2681,145.83403
343,73.31941
2233,252.66028
1487,88.75681
2780,121.67498
576,81.91151
1832,114.11051
697,215.5437
2029,86.30589
3064,26.79143
509,127.27216
2696,38.22607
2465,105.5526
1973,67.08986
2729,306.62515
3063,144.39995
1108,252.32074
1691,124.77663
2570,141.46115
273,61.1779
1058,93.96117
3011,238.74985
511,142.96175
3100,136.74922
995,162.45412
2903,123.67223
1941,61.82975
2562,254.42542
2227,220.71172
2497,43.7296
1218,85.55489
1214,107.55144
1089,103.77399
2680,174.93542
152,125.54496
2663,87.65938
442,111.01571
1470,96.19247
1729,116.67316
664,303.76111
825,522.60455
1500,92.34682
1733,124.72702
2194,55.81701
2240,78.83737
2287,403.12976
2030,146.23149
321,94.44003
1752,304.66763
1911,121.28796
1387,73.17915
3144,178.95894
2905,96.12025
2462,90.28168
1571,546.73322
1594,146.80475
2727,233.51942
307,144.71547
3085,145.31161
2088,96.94389
29,109.34018
2965,272.55807
2520,102.87627
2273,111.66389
2214,311.43976
1979,174.36449
2361,189.04158
1809,186.3094
578,106.26025
2342,109.95594
1942,65.53664
450,86.4257
422,129.00011
2111,137.23145
2075,85.03625
1765,89.32118
271,94.43417
383,125.62299
1992,153.78098
1136,99.10899
350,198.50084
657,86.50518
2397,261.78415
2274,116.96554
566,147.9239
2136,228.77658
1950,76.40389
2758,130.50063
374,62.84631
2631,69.968
1845,234.22083
1621,101.14252
1431,131.53889
2267,238.53236
2229,183.04706
595,305.9465
191,75.41885
934,254.63121
836,183.97575
1288,186.33253
3096,114.78979
1100,41.53056
2621,83.63361
1074,73.83195
1599,224.62236
2526,54.0278
1814,103.58154
2139,76.45071
1131,215.02446
2296,210.91975
2303,174.78145
2370,137.10165
2406,124.32141
1521,91.43399
2603,52.28042
1543,147.77274
2402,155.39476
2394,96.15922
2099,62.52333
1191,123.06532
2423,176.22482
2441,52.26038
1010,106.16036
2666,181.82333
1376,82.16148
2756,256.33716
2857,159.27553
212,53.4506
1270,272.26523
2994,427.69949
3053,73.42526
1441,57.17429
1505,157.58362
1789,129.25775
1251,202.99591
788,71.16467
2596,101.31761
305,98.96262
1343,230.09027
723,128.64197
3000,138.53963
1559,130.84581
1904,102.11977
2670,108.76172
3042,108.25547
927,65.34176
1076,125.91431
2909,74.97981
1110,149.18817
3032,27.68354
2683,115.05413
59,77.85745
2911,90.43348
952,114.12125
1835,93.35033
404,76.40512
126,92.51245
248,95.3967
1972,110.15454
1868,160.67191
3101,143.87303
584,270.11996
2438,294.08078
1551,123.29467
2065,201.11363
348,323.79926
3055,404.39536
579,415.38892
2246,68.97036
1896,151.03185
2850,90.96811
784,87.31691
2891,105.76897
1312,48.94271
1265,105.21131
2258,61.73213
2163,168.68262
2234,115.02615
1004,261.5809
1670,64.12057
2327,130.26233
2247,88.88589
1971,114.9918
2252,112.77852
3105,150.6915
1199,233.53851
1473,84.92763
839,73.02049
1903,201.45961
1134,42.59639
1011,82.89766
943,34.6476
2820,295.57138
1570,102.22578
2256,85.7366
159,242.85201
2637,41.30702
1813,60.78352
2259,97.29527
1055,65.93514
1087,258.26364
2257,106.27065
1028,94.7637
1085,231.50122
2374,173.14093
2228,126.09914
1578,107.68957
2833,60.32856
1857,173.39539
3165,131.78264
1310,78.05932
1984,104.09514
2081,68.78315
2695,71.86894
541,210.2688
2207,1009.98767
417,89.09284
1496,76.31311
183,46.01746
2221,128.53282
1797,148.41405
2622,83.10546
2769,120.97662
1344,118.89205
3088,127.77145
2607,53.48594
915,83.10308
1961,115.07888
1768,166.54256
1532,116.38351
598,279.12021
293,290.76813
660,417.36829
487,93.96605
1993,57.39165
2190,195.09386
2844,64.99199
2076,115.01817
96,351.00079
140,120.42491
1081,100.06264
1719,224.43208
2011,113.48139
928,56.1077
2975,67.77363
2464,58.25405
2155,171.31807
522,191.68585
1097,87.53918
1965,233.04718
1561,131.98041
2071,213.68756
549,172.81897
459,142.07516
1798,180.15421
2856,83.67402
2775,189.18735
2814,184.79706
3132,146.38684
2156,82.65574
270,138.10562
1959,66.85931
639,120.26678
3083,78.62074
766,105.59582
2142,54.99944
1787,541.95129
342,159.49222
3020,69.53935
1001,111.17229
474,114.2626
816,85.97215
83,105.45602
2788,165.36388
238,56.4348
1019,280.82562
2748,167.67609
724,244.98544
2927,208.10583
2230,96.70818
2486,100.83122
2901,113.45497
1556,187.12103
2545,111.65066
1313,60.89585
903,134.92203
2263,96.61502
2656,92.20763
2487,102.01852
1482,109.42342
1120,139.21588
1007,84.87836
654,181.33783
1363,173.6451
1728,275.79388
2811,54.81479
2812,87.48013
3108,263.99457
2311,109.00031
1917,135.93597
22,70.96323
1567,95.94554
1810,99.12449
1869,121.28909
1737,132.47614
1915,78.51922
2324,250.13065
756,91.47533
2405,228.99205
3099,155.3343
2330,63.47338
1699,130.0098
596,178.60001
1292,203.21825
1721,134.16997
2876,127.24588
2849,88.44829
1801,246.39586
2356,115.64606
213,69.80588
1850,179.27966
2384,154.63681
2033,196.99628
284,137.1049
2170,98.1395
2641,106.68096
1636,57.04039
2846,147.29166
2898,129.43015
1148,100.99541
1757,97.53592
2839,80.91423
1396,179.4552
109,405.73068
2737,137.33464
2286,223.40047
2409,135.74684
1141,263.46201
1171,47.49636
2990,382.50876
2293,124.27847
2988,158.70224
330,175.54219
1560,281.39249
495,410.57983
3002,664.35291
2987,97.54278
1301,119.70283
1983,150.94608
1419,255.45244
3133,113.28258
2890,8.8463
201,180.59837
823,146.21663
155,318.27188
1574,227.42142
2612,55.54804
461,137.00613
2001,240.05176
1584,202.42554
2518,102.51952
1749,960.87817
204,459.10516
774,60.231
3061,163.77878
2161,3474.5376
47,120.93751
1773,183.51366
2524,210.38281
765,185.46817
776,77.91039
2937,73.46162
1604,127.33082
2555,94.2659
1508,56.52197
2165,124.93313
1352,102.05669
1349,1981.53076
247,103.01064
560,439.70483
1996,192.1064
69,167.88997
2116,211.60652
2013,326.74948
218,245.8838
300,422.52005
1714,173.28487
1999,106.51481
881,679.30585
2193,133.28497
2883,93.90733
2070,99.51514
2112,133.26202
829,107.44473
132,272.61652
160,153.14963
1671,84.07149
2255,65.79773
2133,246.8506
161,111.10876
1036,107.61955
1818,157.49133
2614,50.51497
1069,116.90614
1982,70.30729
3139,112.24958
2859,81.35458
1237,321.64148
2533,384.2193
1731,211.42119
2213,267.23654
2285,81.9875
2529,144.86711
1989,125.0844
1383,80.73479
3003,608.06805
3186,482.27542
2747,100.57275
3073,116.24858
1726,106.1252
2365,126.79096
393,154.965
1459,195.21255
1427,73.11254
2843,136.81703
2493,260.02457
2815,144.52995
1568,370.55173
199,166.37956
1247,131.44949
905,77.74319
2380,103.09973
3068,69.56673
2404,212.8472
791,220.11702
2745,142.61215
580,176.93994
41,219.62601
1177,317.23303
479,36.41085
2128,276.96927
2929,68.72104
475,63.24083
1922,89.06349
2907,112.03224
1360,182.69121
2080,149.56976
2357,113.5642
1564,163.04349
1964,95.51984
873,58.12458
43,140.15221
645,65.34486
1859,34.06413
1051,257.04828
279,352.05634
1346,105.48824
3077,169.79478
2217,94.40929
57,70.98885
114,117.82749
1182,97.53387
3066,1167.02808
1739,183.55487
2219,164.72539
993,255.85173
1348,97.93307
230,77.51965
921,165.30898
863,139.66783
740,467.68188
472,63.46438
170,151.83676
2476,53.29209
1575,114.43945
1998,150.08339
122,167.57495
1446,80.18878
263,341.20319
61,1396.84814
2719,115.61358
2855,119.24728
190,130.30721
2660,31.9966
1970,79.5967
1368,131.15645
2223,295.61108
2387,234.19341
552,184.89932
313,74.2748
2026,301.45697
2651,99.4701
759,105.88645
3124,116.71951
794,136.65877
994,522.98505
2449,297.44
2836,127.70213
2961,108.70718
2475,169.49321
2721,149.8894
2713,132.89194
3178,168.62189
1895,64.42133
214,284.64532
11,110.52466
153,392.30704
2760,84.07246
2543,366.63495
112,193.1179
1073,434.9957
822,120.93387
1991,386.46823
3131,344.01917
2557,31.8795
2647,137.31763
1506,265.20654
3071,25.22472
1476,66.63907
1281,110.69737
2753,105.93202
2140,71.03526
761,163.5966
346,63.32553
2158,720.27966
2068,2307.00879
693,320.9953
2682,104.17497
3046,97.08715
1785,98.30841
2675,109.38184
2950,87.89384
1767,114.4079
1235,163.96399
1839,81.83006
2333,102.34778
557,563.12512
2973,98.92175
2548,84.46564
2869,231.24188
3160,130.05463
525,135.09946
1139,138.05496
2505,88.26309
1461,370.28052
1858,164.18381
181,92.4668
2692,35.66071
1956,66.97552
2618,53.71075
1101,88.56755
1043,94.67838
94,101.33324
2921,105.09413
1916,362.97562
1088,112.38412
605,66.90131
87,151.00647
1595,84.49887
1819,144.69687
97,168.21681
757,60.52218
2586,122.91465
1334,96.08768
10,104.26748
1527,107.93155
1655,88.87376
2593,134.89488
1472,86.00824
2868,488.74622
1557,140.98991
3041,223.73532
1705,162.30406
2784,244.80602
1647,70.9495
1793,186.44194
636,79.46835
299,166.83617
95,54.13906
2549,110.97
3047,137.81212
28,107.92653
2004,107.23331
2300,130.91949
1952,156.59288
2777,212.82289
646,105.08206
1727,97.63414
38,534.41443
2690,134.7542
164,92.59239
2984,88.60554
2751,486.55109
1425,106.76749
2730,51.85233
1980,234.16896
607,73.22853
51,139.58693
30,93.03291
2657,106.66283
2023,116.2762
3187,146.21271
2668,92.40392
1250,88.40058
569,329.65704
3089,142.69402
2454,144.9868
2674,104.8181
963,117.00266
2720,174.55975
2552,47.61175
1306,156.33162
2813,85.22206
1601,141.90948
2734,199.78482
519,154.57997
197,576.62512
663,162.88589
2002,150.67862
1780,1783.82654
2971,105.63235
2983,105.81784
285,813.98901
2672,108.1768
1198,932.44495
3027,32.1482
14,155.69853
2565,230.22163
1837,112.30431
2159,76.20638
1958,74.93127
1117,120.79301
2351,69.17171
2339,170.95975
516,253.94867
139,91.91289
3142,115.28886
826,136.67546
24,113.21498
1256,68.71169
2585,94.11216
2516,214.93245
186,289.69537
2540,338.99631
1946,106.38883
1534,184.73566
2016,103.79352
2584,131.62651
852,118.59318
2571,81.47923
833,127.24471
2474,148.01213
2157,120.80188
37,95.90205
2628,52.15118
408,226.42833
775,172.34932
1649,254.57588
1759,168.37697
494,230.09778
634,79.49921
3062,105.78991
33,88.71465
2830,
619,285.80582
2561,214.37958
1698,91.34715
2041,280.42697
2035,772.61719
2930,58.47197
3033,101.84668
1938,75.80454
594,136.61214
1962,101.06196
2020,611.72437
1631,510.76956
1582,188.17783
1090,32.6259
957,150.68864
1732,123.03215
872,86.74763
883,148.56474
2461,197.41911
1909,180.02942
1012,119.93915
58,147.54666
3125,61.191
3150,425.74155
2616,51.59309
2896,132.43509
2795,235.95015
2302,179.76707
1226,83.59631
100,630.57434
735,214.11194
700,642.22583
1598,134.58446
35,194.02748
684,324.89374
1585,171.17329
847,178.78775
2145,56.3524
562,275.44714
2861,274.55814
1516,168.15715
787,166.4046
3123,124.94836
2742,51.78745
1880,300.08554
2630,55.24647
3008,73.51229
2152,141.0126
750,66.64931
3,437.28235
2352,189.93947
3162,163.931
2025,260.90179
1562,110.37505
489,94.89872
669,234.99519
1243,123.55295
1914,111.47958
2904,76.15403
659,143.35622
1658,129.27467
2018,126.85921
1469,90.85583
3176,358.25684
601,141.35359
402,226.35762
462,430.05426
19,84.10262
1874,202.24637
2865,119.29803
2347,86.03402
2181,1966.51465
2014,109.29848
1115,145.69191
2767,72.27293
2759,278.51907
2648,144.30779
1048,80.1
73,118.70184
2389,107.09653
1319,80.80276
813,115.63792
1385,76.04954
148,118.5354
2590,193.87366
2913,101.27635
2137,214.00876
2519,198.17372
74,272.34424
1913,130.56538
3039,100.66784
409,223.89532
2024,151.46967
2079,149.66998
1000,168.52029
2341,147.07706
473,163.1105
2498,70.88789
2262,126.78809
3172,461.69073
62,110.44357
864,69.51058
2504,386.67847
1008,130.39189
192,151.26274
2306,202.17583
3104,178.53142
1228,201.71574
2916,77.55685
1736,93.03912
2266,186.58844
1378,92.45918
3134,314.91046
2138,164.14983
2735,81.30634
2943,103.28745
2840,69.41067
764,102.13742
2431,107.69649
1362,76.22068
1107,92.44759
3048,33.54471
163,102.96346
802,255.41344
2445,183.11049
2434,197.79337
1696,117.0218
1953,134.55908
70,127.59456
360,180.43694
281,503.5643
3084,88.95016
50,265.46033
2620,65.12195
2649,107.80783
1327,99.30773
685,185.78355
3024,85.68059
3091,552.6593
2200,114.2299
1795,94.88764
849,160.99368
705,409.61578
264,284.36771
444,86.29116
1222,152.36728
753,127.08688
1701,259.96518
2403,186.61096
379,81.21122
2806,162.17056
2926,160.81813
2479,131.33347
907,214.16925
1340,194.17828
151,134.13269
2345,118.91376
2085,120.30457
1,61.80327
2121,89.45358
2832,128.51526
930,83.28845
1071,431.5831
542,98.02824
1503,722.65033
302,134.74734
3015,507.14255
2985,168.60713
2739,94.03165
2544,126.09029
1127,29.26832
676,360.32382
2572,105.20119
1848,201.88332
211,341.0278
1807,107.54686
2556,40.44353
2006,115.66415
454,2229.44702
2512,113.12421
434,172.17175
2579,111.35607
1674,82.0528
187,68.16854
1981,2292.28271
1026,83.26968
500,201.52733
2301,132.1627
1550,130.53543
565,94.97919
2956,96.0743
205,78.08495
233,83.2508
1661,126.24277
2039,618.05939
2021,115.11602
1823,162.57466
1702,86.73484
502,162.52306
1227,251.56348
2948,216.74634
2659,106.87931
897,364.06732
1493,111.13168
3080,57.36213
3185,112.73397
3070,408.81619
843,244.61061
1803,109.75871
2265,125.61736
468,181.04887
937,105.61501
2542,86.7935
1553,618.66913
471,52.7441
2490,45.64983
1899,117.73963
699,204.79089
2886,111.33513
1454,103.8639
1507,126.23999
1554,363.39001
1304,76.45997
2541,426.4538
1124,29.95968
3012,156.71239
1820,76.7326
1660,115.70308
3151,145.47571
1653,121.4007
130,145.8744
1937,149.32556
575,57.45367
274,174.80917
2958,101.16217
1639,112.10944
1266,1132.23975
2054,238.20454
207,159.73721
1119,177.99954
2348,87.29768
2209,150.69832
1040,140.26573
135,171.42789
403,792.63885
2589,152.94682
2827,98.01983
48,492.39075
2292,312.16855
1891,45.74078
268,452.80475
782,105.60488
2564,48.31061
2867,74.03496
2126,72.29186
1863,122.86834
2823,59.26194
1589,491.50616
2825,60.6263
2606,76.37859
1123,480.4848
1003,58.45638
2400,119.76507
3023,76.19724
795,145.12463
773,196.35886
1236,173.7644
278,35.80778
2704,173.96394
862,83.52908
1027,86.9416
2453,367.29712
1510,164.96872
2587,200.6171
1853,82.1671
1563,103.51962
1901,128.92368
1059,133.29454
1866,122.02914
2789,80.24339
2433,111.63291
209,417.08768
52,78.59068
692,95.8983
3056,90.07411
2109,574.96423
485,142.88843
1170,43.23868
1816,190.67935
2483,190.27493
2829,108.81715
946,136.38168
1906,265.68134
243,149.66144
2098,181.39825
1181,208.89836
1022,181.30408
2860,70.35571
887,56.45233
3130,110.41868
842,110.15122
40,111.91845
1794,123.35572
1504,158.75412
2790,76.86349
1552,111.34434
120,150.76367
2510,40.89692
1223,128.80965
2757,115.573
1656,126.45567
1771,339.48486
1279,240.35638
311,176.28308
1945,81.71406
55,82.56339
255,32.26088
2872,76.87818
850,73.34616
4,542.89014
1261,133.06384
1883,89.43422
2432,420.67505
1990,66.96986
172,105.51573
1821,149.42046
1943,167.87436
3117,225.9902
2691,249.51509
2568,104.88345
2482,79.0753
767,88.51496
2947,111.77595
2100,182.79015
2371,213.17221
2755,164.35367
3175,570.52502
1217,141.69696
32,118.6219
2182,386.84875
483,86.47013
2539,88.17188
1240,431.03348
548,497.84686
671,9.18611
2879,63.88646
2470,178.10114
2885,39.41766
210,120.03397
2101,167.93201
2595,109.9073
1936,74.84441
118,265.77625
2110,474.09729
1844,127.90697
789,111.86237
1290,215.61131
2322,113.20504
1541,271.82648
916,904.27057
1239,207.08615
1213,121.19994
1865,113.02728
1905,270.71268
910,122.88371
2290,196.2189
655,73.23422
389,168.06645
848,158.92113
2834,221.52649
1274,163.61078
1113,184.69087
1680,112.57912
2862,74.57925
2875,89.76866
2547,262.30334
2592,84.88176
675,490.68219
616,177.31996
2912,150.12326
2931,184.48001
2166,408.02271
2852,101.84393
508,292.67938
2534,195.45911
2798,804.5069
2052,103.38797
2391,115.3687
1872,122.0106
1854,73.26247
1350,121.25169
731,220.35849
2132,87.49956
2125,258.74158
1855,83.73009
1948,115.15546
2581,93.9931
2738,148.55879
1685,109.40656
1645,132.99411
1492,32.88256
3059,110.16428
2736,117.17008
2369,166.1756
3029,111.9716
2808,74.56468
1530,141.44194
3167,42.12136
951,112.32904
429,74.14478
92,62.31808
513,140.11862
2059,131.22621
641,91.66691
173,102.48005
358,135.31212
2167,161.98442
231,57.21714
1372,127.92618
866,213.37946
2642,246.76012
874,95.52165
1870,103.64522
2743,105.34145
632,153.69295
3148,583.17358
2427,465.10358
879,147.02757
1657,179.23753
397,221.42073
82,308.81271
423,58.91321
688,240.79185
2124,265.52023
597,167.47021
31,179.44418
2709,207.52347
868,57.05933
2103,119.64834
1016,88.71982
783,57.70087
272,220.2092
1464,43.68472
242,265.20654
561,109.37321
2583,130.67317
2343,107.83743
834,274.99362
2877,142.24091
1221,104.73447
453,95.73468
2186,294.59683
909,116.03658
44,245.29387
2450,116.67729
2191,289.63538
1918,62.85984
2119,70.2204
871,85.26133
295,226.26457
602,103.6214
2580,103.43983
3137,363.12531
1654,235.11095
1143,125.13875
633,102.73943
2162,92.16748
610,243.38518
1430,101.96271
182,80.38625
276,108.57259
3030,128.93729
20,124.8988
840,129.19879
965,128.86647
2146,49.6929
593,417.48993
1140,86.80642
2396,142.06253
1836,183.23996
176,110.62857
3076,223.80646
2942,47.31645
2373,134.14313
493,641.578
2305,294.13348
1826,225.74739
3097,170.19362
1799,70.87706
241,175.08737
3114,432.98337
2514,137.24445
2997,350.07846
2171,135.64282
2848,144.48517
763,3469.54077
1178,175.34254
162,139.82759
2118,169.74347
1586,126.37681
370,88.75683
827,71.5863
2837,58.10335
2732,140.87415
1520,428.9205
3136,231.59724
3153,345.33612
1650,97.18917
2496,99.80962
1669,277.09171
1242,184.34595
1778,122.03101
2087,222.46558
2805,964.99792
1255,161.6611
144,171.11821
2654,125.70082
2,71.85171
2337,270.47742
717,253.82039
2858,81.02839
2386,169.26169
2694,76.65318
3168,38.32438
754,70.40305
2954,55.846
1490,84.9728
481,145.61018
2610,52.23867
2750,123.03215
702,258.70148
809,267.61923
1828,207.16951
1337,276.36685
2208,183.3208
971,64.77097
973,291.27393
844,68.80434
2385,103.06197
2574,177.50749
222,186.50542
544,95.83461
1830,111.07108
974,370.24982
42,181.53731
3121,589.37128
742,399.79434
143,531.33813
1666,124.75176
23,273.41043
2326,149.86513
1299,122.82867
960,70.08463
1229,161.8414
117,106.98718
3158,728.03528
1233,404.96011
749,533.18024
2744,60.60771
3094,440.31207
718,112.85152
841,98.45764
2097,177.64372
2019,96.39237
812,66.81821
570,111.49989
2582,202.07166
3112,2317.55542
1268,80.83699
859,108.88316
2143,79.59824
1232,821.49469
821,108.55844
1056,48.9175
1974,113.05346
1783,369.74341
2005,119.36579
2940,434.76257
2733,208.35942
381,94.90961
1128,129.67723
2774,115.26675
1637,122.62439
2160,134.43814
880,132.63927
3050,59.19545
1174,101.7691
2991,171.78871
687,22.1168
2426,403.8028
39,102.34061
265,325.69742
913,316.07431
2591,118.66512
2317,105.60759
751,89.07854
3115,217.39183
3111,301.371
2316,216.6433
283,569.20483
98,132.63518
60,383.0087
149,155.31696
217,92.80499
2762,43.92049
1347,135.61238
2613,59.50646
401,124.07487
2802,63.46504
1745,97.10224
956,87.24569
12,362.71088
2501,214.40828
1203,243.4153
258,133.01439
2376,301.27301
413,71.23148
1542,136.04216
2130,56.47281
1882,46.64998
2253,100.81856
1667,131.48116
2611,112.60933
3174,200.83673
45,186.6595
1053,41.54287
136,1878.08936
2678,115.10587
1960,191.25591
2703,449.86981
1462,183.48462
804,181.86472
926,108.24456
1792,119.66241
1205,126.41466
1622,107.21543
1638,61.68701
2315,277.33606
2933,333.21036
2436,1652.47522
652,103.15075
2057,460.85297
603,349.38593
303,118.04382
2915,123.99893
2796,122.69917
2705,176.26276
15,192.58081
1041,160.05286
433,116.98647
449,103.95703
2577,604.25751
1842,237.32079
2716,89.55833
56,144.76614
1954,153.88658
2051,185.05534
2120,97.87415
1458,49.31399
589,175.66745
2897,119.26663
1824,206.63229
361,421.41666
3037,170.74318
85,1758.12073
145,129.48074
2349,88.72572
2185,584.24188
2175,218.71237
1867,103.75591
1238,139.34821
2455,137.59001
1720,94.25949
3103,212.75562
1111,207.68587
968,75.07594
733,106.21384
16,103.76936
2321,131.53889
942,100.00008
412,174.9716
2480,104.40516
2822,140.86749
499,107.44473
854,286.35919
53,92.22274
856,49.88132
451,139.33841
2893,77.89946
599,228.14403
958,76.5092
2314,183.76891
1112,95.29487
2517,205.41698
2122,80.17744
2761,128.83501
975,161.51183
3171,168.0822
2473,124.27132
1509,100.54749
2746,244.43069
49,275.13153
583,138.69057
2503,211.6543
1044,163.91649
1718,266.83185
1774,169.93904
275,17.16878
1277,115.35412
2650,107.80783
1898,230.0634
2044,196.83299
588,181.76691
806,157.53654
269,101.15027
1195,198.97249
563,97.07466
3086,156.18361
325,47.15051
2420,563.84515
530,164.63638
378,97.04684
3184,1527.03687
923,187.38747
798,258.32065
591,531.28241
2652,262.14679
1781,78.88574
2177,97.94281
1075,67.47559
1672,74.74912
9,1125.92163
3170,448.44907
1467,45.86918
1871,211.66713
1411,202.23886
1967,131.12859
115,101.72128
391,166.77974
2440,280.70941
1289,186.86305
2588,174.08372
386,184.43517
2096,344.10797
2042,141.70555
1652,99.14946
2712,167.86369
420,165.35449
2153,272.56802
1526,162.21042
2492,179.96939
2635,103.66585
2801,90.95168
1345,181.41783
2741,160.51932
2700,114.79111
431,111.11069
90,136.1185
2686,145.45703
1225,601.73871
2412,83.06536
1975,62.55335
1925,65.94277
1287,925.55151
3169,256.17123
1449,88.03838
980,124.45241
2962,68.66981
861,83.96007
254,210.19946
1006,199.04283
962,96.02931
3128,74.78142
2851,197.2392
1817,119.61396
1662,137.6434
2740,81.2645
2135,227.3506
2594,114.16425
1286,452.73328
1709,174.56935
1529,483.22012
981,301.78476
2778,75.8949
441,173.77283
2323,202.43698
2344,185.41016
125,129.1468
938,98.32246
555,99.09896
147,206.81332
262,332.58502
2853,67.66085
1673,95.55194
747,454.96588
894,134.3924
223,106.16919
3154,170.03029
399,128.6676
644,108.60587
308,107.68278
353,137.54027
920,47.29371
1651,132.27312
257,352.29358
1104,187.45244
324,496.75925
1353,141.57001
110,143.63661
737,84.867
319,519.59381
772,59.95122
1070,196.98029
267,151.93576
1849,267.04471
354,162.9584
228,147.8437
2567,247.69875
375,93.81779
1354,269.62238
21,407.91061
1644,115.75748
1244,437.68057
491,260.95383
1245,92.99702
1263,212.22749
1220,112.36264
2551,433.11975
846,78.70016
853,114.5595
256,96.06845
1491,43.01378
1665,120.3948
2842,32.42303
769,78.17326
2538,437.27069
680,402.87595
2106,226.82513
1997,587.46313
719,91.3036
2164,179.07706
1480,99.55703
2172,246.25627
2154,78.77397
1944,191.00333
1875,44.45664
3035,54.43244
1303,186.77686
167,105.05695
2129,66.08991
289,59.37819
63,124.47132
137,1678.42053
2785,1711.91272
3072,43.79425
482,77.29996
221,113.58195
1642,71.06269
1528,116.45376
119,292.96533
1254,118.33262
1465,36.01283
967,47.40151
889,374.65222
1341,95.45698
2055,187.29568
359,115.57679
808,562.62415
638,105.99913
929,136.2428
758,166.37086
662,241.20349
1189,604.44299
357,174.7986
2043,161.21223
1364,790.48193
193,511.41492
2047,383.42017
1779,161.35252
395,174.44679
3065,124.76829
3031,164.01907
1135,136.43106
338,79.39545
786,247.30042
790,1191.4386
1332,167.125
2093,537.0816
814,204.58139
2040,89.47665
1399,114.06669
1212,115.41984
725,146.91968
793,94.02736
901,143.75677
1796,107.17722
612,476.76028
1142,140.08342
2328,94.4058
694,113.13391
2977,1792.52527
440,121.06414
1193,653.2149
251,206.60014
5,265.31546
2046,105.70589
2329,200.00723
1851,85.78727
1060,120.30176
2038,2072.57544
244,186.83762
25,185.87196
2045,195.42398
340,36.20753
670,238.43199
3122,131.31367
695,588.87708
582,431.02347
323,96.86536
1339,161.12369
2566,238.71283
2336,190.32111
3145,838.35406
380,102.15511
239,178.59682
2312,128.18419
1881,192.19241
121,106.66084
528,243.06163
202,292.69919
893,40.119
1165,140.25346
1688,91.61986
416,84.1423
2569,108.53665
2407,94.43417
1686,111.87113
2319,218.1342
1211,446.12628
116,937.83942
392,200.02213
216,155.51381
1890,236.69408
1391,155.49834
2176,201.29558
553,183.65617
1409,112.29318
914,129.82053
726,146.30339
2546,217.75253
3182,891.82294
158,272.73642
1876,178.2878
617,123.51878
1417,406.23557
1988,142.13676
3177,207.47063
1207,23.62764
3018,415.62347
1192,165.70401
1434,77.20836
2105,397.76721
3107,144.95517
2184,707.37329
329,54.49767
2575,195.33992
382,172.43484
1822,158.41643
294,51.71384
1648,66.82658
142,203.32257
384,103.17023
2710,336.72464
129,89.69266
3127,75.35843
1524,703.24188
2069,198.53661
2460,95.0528
986,82.93517
355,193.2916
656,60.60132
585,105.22138
611,112.83079
998,108.96597
1678,170.27339
339,98.76891
2807,194.50359
1264,76.01292
2979,68.03662
1405,107.07561
1438,53.51638
505,81.51742
531,201.16841
236,188.36555
592,73.59072
1370,111.24255
1272,180.49568
464,123.93786
703,261.09964
3098,100.91261
249,230.56883
1249,286.64178
2104,477.47354
2188,182.18007
1084,31.97627
628,501.74414
131,138.09094
618,148.39201
203,159.43236
2173,1176.0835
105,80.38625
919,117.16801
515,244.23364
415,81.58575
2127,196.11237
1663,95.08865
964,202.30806
2180,984.64252
2346,91.58739
304,138.53198
2108,259.99792
67,597.32629
1481,112.8643
102,120.14893
2645,323.27884
169,271.82648
867,228.66261
168,669.57422
99,101.33846
2299,231.2029
2298,158.97986
432,68.46239
138,235.36482
906,665.77991
917,200.39412
3034,297.57626
1335,100.41331
1305,96.76641
504,195.45831
2558,45.81593
902,77.67318
2717,215.96526
240,42.25089
486,123.63184
1271,446.17529
1468,63.35004
2731,93.86891
253,546.72083
2053,216.95967
716,192.47908
520,417.13663
2821,90.54726
608,143.82771
2325,214.31155
983,350.70053
988,73.68726
2350,106.91056
828,56.60085
534,148.14603
405,73.12782
1877,41.72384
2048,192.53523
2578,105.16383
277,206.48238
2056,182.65352
2313,136.90114
984,214.34064
524,347.24075
2711,2982.9624
1423,34.27097
396,97.93864
185,86.46062
2102,158.31403
2134,262.52362
661,98.22236
1415,185.10867
1323,141.95883
1418,443.88196
1231,603.93451
200,103.01337
1262,336.53876
710,244.43341
1878,341.77939
1664,61.72499
1267,120.57371
2114,111.09115
2113,202.65906
912,28.53495
882,98.79693
529,328.71442
876,149.85977
2576,252.27521
124,130.80083
668,103.60287
287,49.53456
335,138.35446
27,622.53223
141,146.13277
318,117.41402
536,244.8049
1194,759.1308
219,361.41962
443,84.81621
1269,121.65582
2189,301.27475
1257,1132.23975
653,106.62702
3143,2495.37744
332,186.96867
2320,126.93662
2049,440.59705
226,99.72505
2335,129.22598
1224,365.7196
924,30.25516
1132,647.39197
554,121.81779
89,2601.03882
908,95.41388
2491,233.16852
1681,220.87891
3069,105.58882
356,261.86746
527,148.38091
2318,130.15469
421,460.38934
535,102.71185
2034,812.97028
2117,145.60544
312,3696.6272
317,118.48724
154,177.61076
1420,475.27963
1525,453.05121
797,78.04759
1186,96.47192
801,152.7652
679,99.9985
1049,62.8988
648,99.35734
865,65.56608
1403,204.19464
706,74.21179
2763,72.92793
2107,305.86151
146,378.56195
157,86.70158
2036,105.50703
3109,372.65973
215,91.02795
2183,312.64819
2425,302.34796
123,847.40686
341,74.89298
1168,18.51287
734,139.50627
1679,692.10016
1675,155.7489
623,119.45198
838,110.15467
349,147.7034
3092,383.06781
2494,236.35106
1246,107.01193
805,180.87103
407,183.28957
953,66.42011
546,80.3266
1258,106.67953
2817,186.01808
1640,107.47663
577,114.48861
1498,745.05829
837,129.1468
673,242.09987
1494,245.08806
373,85.34248
446,323.91174
1234,3096.68677
604,228.16733
1162,120.99104
1285,532.84583
1635,100.64917
2092,5028.96777
484,157.85199
830,103.67413
911,131.0825
1291,198.91243
2178,670.19421
1259,5067.72461
282,26906.36914
732,205.91939
600,54.00979
438,440.13367
259,204.95573
390,110.98837
327,189.26437
290,167.50311
492,90.40883
514,250.06311
2718,149.42319
667,165.68872
127,486.85876
1013,212.2982
2765,397.52692
2037,129.18324
1241,208.08943
1829,721.20056
447,50.60364
291,128.94757
2340,38.97334
1273,72.29958
976,46.2023
309,1456.07446
620,65.63199
1687,311.67075
414,97.17414
2095,194.50528
490,1525.60352
2187,566.70172
398,134.43274
672,2223.76245
640,1855.80322
1206,1429.93713
2192,166.41583
419,204.0874
331,100.29283
1856,225.36823
189,1523.00928
625,239.36668
722,205.58075
532,2140.96191
2174,7834.86914
860,101.18285
108,75.93715
2764,127.72806
81,5.91751
2094,277.42166
3146,2310.30347
3090,1570.65015
2115,133.11877
2783,294.94598
1038,324.64304
1215,93.8267
933,1790.29736
428,166.47931
1683,146.90485
86,2888.53125
229,250.05095
260,182.20332
1208,7768.80615
166,186.58389
1908,124.99701
2050,248.85864
3164,2386.82593
3095,114.78979
410,572.91461
337,526.37769
715,342.88828
1682,73.33549
1677,449.88345
1684,120.1771
